-- MySQL dump 10.13  Distrib 8.0.42, for Win64 (x86_64)
--
-- Host: 127.0.0.1    Database: swp391
-- ------------------------------------------------------
-- Server version	9.3.0

/*!40101 SET @OLD_CHARACTER_SET_CLIENT=@@CHARACTER_SET_CLIENT */;
/*!40101 SET @OLD_CHARACTER_SET_RESULTS=@@CHARACTER_SET_RESULTS */;
/*!40101 SET @OLD_COLLATION_CONNECTION=@@COLLATION_CONNECTION */;
/*!50503 SET NAMES utf8 */;
/*!40103 SET @OLD_TIME_ZONE=@@TIME_ZONE */;
/*!40103 SET TIME_ZONE='+00:00' */;
/*!40014 SET @OLD_UNIQUE_CHECKS=@@UNIQUE_CHECKS, UNIQUE_CHECKS=0 */;
/*!40014 SET @OLD_FOREIGN_KEY_CHECKS=@@FOREIGN_KEY_CHECKS, FOREIGN_KEY_CHECKS=0 */;
/*!40101 SET @OLD_SQL_MODE=@@SQL_MODE, SQL_MODE='NO_AUTO_VALUE_ON_ZERO' */;
/*!40111 SET @OLD_SQL_NOTES=@@SQL_NOTES, SQL_NOTES=0 */;

--
-- Table structure for table `booking`
--

DROP TABLE IF EXISTS `booking`;
/*!40101 SET @saved_cs_client     = @@character_set_client */;
/*!50503 SET character_set_client = utf8mb4 */;
CREATE TABLE `booking` (
  `booking_id` int NOT NULL AUTO_INCREMENT,
  `address` varchar(200) DEFAULT NULL,
  `appointment_date` date DEFAULT NULL,
  `dob` date DEFAULT NULL,
  `email` varchar(64) DEFAULT NULL,
  `last_updated_time` datetime(6) DEFAULT NULL,
  `note` varchar(500) DEFAULT NULL,
  `patient_name` varchar(200) DEFAULT NULL,
  `phone_number` varchar(32) DEFAULT NULL,
  `registered_time` datetime(6) DEFAULT NULL,
  `status` varchar(20) DEFAULT NULL,
  `patient_id` int DEFAULT NULL,
  `service_id` int DEFAULT NULL,
  `slot_id` int DEFAULT NULL,
  `updated_user_id` int DEFAULT NULL,
  PRIMARY KEY (`booking_id`),
  KEY `FK5q5x2e4ror7mwq56tmd3w238v` (`patient_id`),
  KEY `FKd6bok0hme4dnt62ldm25tgl7` (`service_id`),
  KEY `FKf91hxcvywio343rabt0v9gcd3` (`slot_id`),
  KEY `FKgr38bv1l32hnqnhqeyxtxdxe8` (`updated_user_id`),
  CONSTRAINT `FK5q5x2e4ror7mwq56tmd3w238v` FOREIGN KEY (`patient_id`) REFERENCES `users` (`user_id`),
  CONSTRAINT `FKd6bok0hme4dnt62ldm25tgl7` FOREIGN KEY (`service_id`) REFERENCES `services` (`service_id`),
  CONSTRAINT `FKf91hxcvywio343rabt0v9gcd3` FOREIGN KEY (`slot_id`) REFERENCES `slots` (`slot_id`),
  CONSTRAINT `FKgr38bv1l32hnqnhqeyxtxdxe8` FOREIGN KEY (`updated_user_id`) REFERENCES `users` (`user_id`)
) ENGINE=InnoDB AUTO_INCREMENT=9 DEFAULT CHARSET=utf8mb4 COLLATE=utf8mb4_0900_ai_ci;
/*!40101 SET character_set_client = @saved_cs_client */;

--
-- Dumping data for table `booking`
--

LOCK TABLES `booking` WRITE;
/*!40000 ALTER TABLE `booking` DISABLE KEYS */;
INSERT INTO `booking` VALUES (1,'hn','2025-06-12',NULL,'truongx62001@gmail.com','2025-06-12 03:58:46.189000','a','Application for .NET Developer Position - Nguyen Dinh Truong','0366313061','2025-06-12 03:23:28.061000','Completed',NULL,2,1,4),(2,'hn','2025-06-12',NULL,'truongx62001@gmail.com','2025-06-12 04:03:02.770000','b','bbbb','0366313061','2025-06-12 03:24:00.098000','Completed',NULL,2,1,4),(3,'654 Guest Ln','2025-06-12',NULL,'guest@gmail.com','2025-06-13 07:41:21.334000','a','Guest User','0567891234','2025-06-12 03:24:49.091000','Completed',5,2,1,4),(5,'hn','2025-06-13',NULL,'truongx62001@gmail.com','2025-06-13 09:06:54.412000','aaa','Application for .NET Developer Position - Nguyen Dinh Truong','0366313061','2025-06-13 09:00:18.417000','Processing',NULL,4,1,2),(6,'hn','2025-06-13',NULL,'truongx62001@gmail.com','2025-06-13 09:06:36.497000','ffff','Application for .NET Developer Position - Nguyen Dinh Truong','0366313061','2025-06-13 09:06:36.497000','Pending',NULL,2,1,NULL),(7,'HN','2025-06-28',NULL,'truong123@gmail.com','2025-06-28 09:42:45.352000','aaa','Nguyen Truong','0366313123','2025-06-28 09:41:56.003000','Processing',NULL,3,3,2),(8,'HN','2025-06-28',NULL,'truongx62001@gmail.com','2025-06-28 09:43:03.467000','kkk','Nguyen Truong','0123123123','2025-06-28 09:42:26.079000','Processing',NULL,1,4,2);
/*!40000 ALTER TABLE `booking` ENABLE KEYS */;
UNLOCK TABLES;

--
-- Table structure for table `images`
--

DROP TABLE IF EXISTS `images`;
/*!40101 SET @saved_cs_client     = @@character_set_client */;
/*!50503 SET character_set_client = utf8mb4 */;
CREATE TABLE `images` (
  `image_id` int NOT NULL AUTO_INCREMENT,
  `image_url` text,
  PRIMARY KEY (`image_id`)
) ENGINE=InnoDB AUTO_INCREMENT=5 DEFAULT CHARSET=utf8mb4 COLLATE=utf8mb4_0900_ai_ci;
/*!40101 SET character_set_client = @saved_cs_client */;

--
-- Dumping data for table `images`
--

LOCK TABLES `images` WRITE;
/*!40000 ALTER TABLE `images` DISABLE KEYS */;
INSERT INTO `images` VALUES (1,'/images/khamtongquat1.png'),(2,'/images/caovoirang1.png'),(3,'/images/taytrangrang1.png'),(4,'/images/chupxquangrang1.png');
/*!40000 ALTER TABLE `images` ENABLE KEYS */;
UNLOCK TABLES;

--
-- Table structure for table `invoices`
--

DROP TABLE IF EXISTS `invoices`;
/*!40101 SET @saved_cs_client     = @@character_set_client */;
/*!50503 SET character_set_client = utf8mb4 */;
CREATE TABLE `invoices` (
  `invoice_id` int NOT NULL AUTO_INCREMENT,
  `created_date` date DEFAULT NULL,
  `created_time` datetime(6) DEFAULT NULL,
  `paid_time` datetime(6) DEFAULT NULL,
  `status` varchar(255) DEFAULT NULL,
  `total_fee` decimal(38,2) DEFAULT NULL,
  `session_id` int DEFAULT NULL,
  PRIMARY KEY (`invoice_id`),
  UNIQUE KEY `UKieprf1q2oymsua39y89sp0v0w` (`session_id`),
  CONSTRAINT `FKpyk1gld13fn87pxq0xgfysnhd` FOREIGN KEY (`session_id`) REFERENCES `sessions` (`session_id`)
) ENGINE=InnoDB AUTO_INCREMENT=3 DEFAULT CHARSET=utf8mb4 COLLATE=utf8mb4_0900_ai_ci;
/*!40101 SET character_set_client = @saved_cs_client */;

--
-- Dumping data for table `invoices`
--

LOCK TABLES `invoices` WRITE;
/*!40000 ALTER TABLE `invoices` DISABLE KEYS */;
INSERT INTO `invoices` VALUES (1,'2025-06-17','2025-06-17 09:01:50.510000','2025-06-17 10:02:57.650000','Paid',208000.00,1),(2,'2025-06-17','2025-06-17 09:03:30.730000','2025-06-17 10:06:14.996000','Paid',310600.00,2);
/*!40000 ALTER TABLE `invoices` ENABLE KEYS */;
UNLOCK TABLES;

--
-- Table structure for table `medicines`
--

DROP TABLE IF EXISTS `medicines`;
/*!40101 SET @saved_cs_client     = @@character_set_client */;
/*!50503 SET character_set_client = utf8mb4 */;
CREATE TABLE `medicines` (
  `medicine_id` varchar(255) NOT NULL,
  `image` longtext,
  `ingredients` varchar(1000) DEFAULT NULL,
  `is_active` bit(1) DEFAULT NULL,
  `manufacturer` varchar(200) DEFAULT NULL,
  `medicine_name` varchar(200) DEFAULT NULL,
  `price` int DEFAULT NULL,
  `remaining_quantity` int DEFAULT NULL,
  `unit` varchar(100) DEFAULT NULL,
  PRIMARY KEY (`medicine_id`)
) ENGINE=InnoDB DEFAULT CHARSET=utf8mb4 COLLATE=utf8mb4_0900_ai_ci;
/*!40101 SET character_set_client = @saved_cs_client */;

--
-- Dumping data for table `medicines`
--

LOCK TABLES `medicines` WRITE;
/*!40000 ALTER TABLE `medicines` DISABLE KEYS */;
INSERT INTO `medicines` VALUES ('MED001','https://example.com/images/med001.jpg','Paracetamol 500mg',_binary '','ABC Pharma','Paracetamol',2000,100,'viên'),('MED002','https://example.com/images/med002.jpg','Ibuprofen 400mg',_binary '','DEF Pharma','Ibuprofen',3000,80,'viên'),('MED003','https://example.com/images/med003.jpg','Amoxicillin 500mg',_binary '','GHI Pharma','Amoxicillin',3500,120,'viên'),('MED004','https://example.com/images/med004.jpg','Vitamin C 1000mg',_binary '','JKL Pharma','Vitamin C',2500,150,'viên'),('MED005','https://example.com/images/med005.jpg','Cefuroxime 250mg',_binary '','MNO Pharma','Cefuroxime',4000,60,'viên'),('MED006','https://example.com/images/med006.jpg','Loratadine 10mg',_binary '','PQR Pharma','Loratadine',2200,90,'viên'),('MED007','https://example.com/images/med007.jpg','Aspirin 81mg',_binary '','STU Pharma','Aspirin',1800,70,'viên'),('MED008','https://example.com/images/med008.jpg','Omeprazole 20mg',_binary '','VWX Pharma','Omeprazole',3200,110,'viên'),('MED009','https://example.com/images/med009.jpg','Metformin 500mg',_binary '','YZA Pharma','Metformin',2800,95,'viên'),('MED010','https://example.com/images/med010.jpg','Simvastatin 20mg',_binary '','BCD Pharma','Simvastatin',3100,85,'viên');
/*!40000 ALTER TABLE `medicines` ENABLE KEYS */;
UNLOCK TABLES;

--
-- Table structure for table `patient_report`
--

DROP TABLE IF EXISTS `patient_report`;
/*!40101 SET @saved_cs_client     = @@character_set_client */;
/*!50503 SET character_set_client = utf8mb4 */;
CREATE TABLE `patient_report` (
  `patient_report_id` int NOT NULL AUTO_INCREMENT,
  `diagnosis` varchar(500) DEFAULT NULL,
  `doctor_note` varchar(500) DEFAULT NULL,
  `last_updated_time` datetime(6) DEFAULT NULL,
  `treatment_method` varchar(500) DEFAULT NULL,
  `session_id` int DEFAULT NULL,
  PRIMARY KEY (`patient_report_id`),
  UNIQUE KEY `UKi17qyjvisst982ev35jfu0q8b` (`session_id`),
  CONSTRAINT `FKtpvgc99al75bo7n94shkqvvwu` FOREIGN KEY (`session_id`) REFERENCES `sessions` (`session_id`)
) ENGINE=InnoDB AUTO_INCREMENT=7 DEFAULT CHARSET=utf8mb4 COLLATE=utf8mb4_0900_ai_ci;
/*!40101 SET character_set_client = @saved_cs_client */;

--
-- Dumping data for table `patient_report`
--

LOCK TABLES `patient_report` WRITE;
/*!40000 ALTER TABLE `patient_report` DISABLE KEYS */;
INSERT INTO `patient_report` VALUES (5,'suif','aaa','2025-06-17 09:01:50.482000','aa',1),(6,'giang mai','nono','2025-06-17 09:03:30.696000','no no',2);
/*!40000 ALTER TABLE `patient_report` ENABLE KEYS */;
UNLOCK TABLES;

--
-- Table structure for table `report_medicine`
--

DROP TABLE IF EXISTS `report_medicine`;
/*!40101 SET @saved_cs_client     = @@character_set_client */;
/*!50503 SET character_set_client = utf8mb4 */;
CREATE TABLE `report_medicine` (
  `id` int NOT NULL AUTO_INCREMENT,
  `note` varchar(1000) DEFAULT NULL,
  `quantity` int DEFAULT NULL,
  `medicine_id` varchar(255) NOT NULL,
  `patient_report_id` int NOT NULL,
  PRIMARY KEY (`id`),
  KEY `FK2twypbignvwgot9vk4tfrs2xp` (`medicine_id`),
  KEY `FKibe95b9rlfq22s1hqkp15nfha` (`patient_report_id`),
  CONSTRAINT `FK2twypbignvwgot9vk4tfrs2xp` FOREIGN KEY (`medicine_id`) REFERENCES `medicines` (`medicine_id`),
  CONSTRAINT `FKibe95b9rlfq22s1hqkp15nfha` FOREIGN KEY (`patient_report_id`) REFERENCES `patient_report` (`patient_report_id`)
) ENGINE=InnoDB AUTO_INCREMENT=12 DEFAULT CHARSET=utf8mb4 COLLATE=utf8mb4_0900_ai_ci;
/*!40101 SET character_set_client = @saved_cs_client */;

--
-- Dumping data for table `report_medicine`
--

LOCK TABLES `report_medicine` WRITE;
/*!40000 ALTER TABLE `report_medicine` DISABLE KEYS */;
INSERT INTO `report_medicine` VALUES (10,'a',5,'MED001',5),(11,'b',5,'MED002',6);
/*!40000 ALTER TABLE `report_medicine` ENABLE KEYS */;
UNLOCK TABLES;

--
-- Table structure for table `roles`
--

DROP TABLE IF EXISTS `roles`;
/*!40101 SET @saved_cs_client     = @@character_set_client */;
/*!50503 SET character_set_client = utf8mb4 */;
CREATE TABLE `roles` (
  `role_id` int NOT NULL AUTO_INCREMENT,
  `is_active` bit(1) NOT NULL,
  `role_name` varchar(255) NOT NULL,
  PRIMARY KEY (`role_id`)
) ENGINE=InnoDB AUTO_INCREMENT=6 DEFAULT CHARSET=utf8mb4 COLLATE=utf8mb4_0900_ai_ci;
/*!40101 SET character_set_client = @saved_cs_client */;

--
-- Dumping data for table `roles`
--

LOCK TABLES `roles` WRITE;
/*!40000 ALTER TABLE `roles` DISABLE KEYS */;
INSERT INTO `roles` VALUES (1,_binary '','ADMIN'),(2,_binary '','MANAGER'),(3,_binary '','DOCTOR'),(4,_binary '','RECEPTIONIST'),(5,_binary '','GUEST');
/*!40000 ALTER TABLE `roles` ENABLE KEYS */;
UNLOCK TABLES;

--
-- Table structure for table `rooms`
--

DROP TABLE IF EXISTS `rooms`;
/*!40101 SET @saved_cs_client     = @@character_set_client */;
/*!50503 SET character_set_client = utf8mb4 */;
CREATE TABLE `rooms` (
  `room_id` int NOT NULL AUTO_INCREMENT,
  `is_active` bit(1) DEFAULT NULL,
  `room_name` varchar(200) DEFAULT NULL,
  PRIMARY KEY (`room_id`)
) ENGINE=InnoDB AUTO_INCREMENT=4 DEFAULT CHARSET=utf8mb4 COLLATE=utf8mb4_0900_ai_ci;
/*!40101 SET character_set_client = @saved_cs_client */;

--
-- Dumping data for table `rooms`
--

LOCK TABLES `rooms` WRITE;
/*!40000 ALTER TABLE `rooms` DISABLE KEYS */;
INSERT INTO `rooms` VALUES (1,_binary '','Phòng khám 1'),(2,_binary '','Phòng khám 2'),(3,_binary '','Phòng khám 3');
/*!40000 ALTER TABLE `rooms` ENABLE KEYS */;
UNLOCK TABLES;

--
-- Table structure for table `service_image`
--

DROP TABLE IF EXISTS `service_image`;
/*!40101 SET @saved_cs_client     = @@character_set_client */;
/*!50503 SET character_set_client = utf8mb4 */;
CREATE TABLE `service_image` (
  `image_id` int NOT NULL,
  `service_id` int NOT NULL,
  PRIMARY KEY (`image_id`,`service_id`),
  KEY `FK9jqqqllv1qydjn4nelpprmlt4` (`service_id`),
  CONSTRAINT `FK9jqqqllv1qydjn4nelpprmlt4` FOREIGN KEY (`service_id`) REFERENCES `services` (`service_id`),
  CONSTRAINT `FKj44dgx53oav76ht9bsf7pjje4` FOREIGN KEY (`image_id`) REFERENCES `images` (`image_id`)
) ENGINE=InnoDB DEFAULT CHARSET=utf8mb4 COLLATE=utf8mb4_0900_ai_ci;
/*!40101 SET character_set_client = @saved_cs_client */;

--
-- Dumping data for table `service_image`
--

LOCK TABLES `service_image` WRITE;
/*!40000 ALTER TABLE `service_image` DISABLE KEYS */;
INSERT INTO `service_image` VALUES (1,1),(2,2),(3,3),(4,4);
/*!40000 ALTER TABLE `service_image` ENABLE KEYS */;
UNLOCK TABLES;

--
-- Table structure for table `services`
--

DROP TABLE IF EXISTS `services`;
/*!40101 SET @saved_cs_client     = @@character_set_client */;
/*!50503 SET character_set_client = utf8mb4 */;
CREATE TABLE `services` (
  `service_id` int NOT NULL AUTO_INCREMENT,
  `description` varchar(1000) DEFAULT NULL,
  `is_active` bit(1) DEFAULT NULL,
  `price` int DEFAULT NULL,
  `service_name` varchar(200) DEFAULT NULL,
  PRIMARY KEY (`service_id`)
) ENGINE=InnoDB AUTO_INCREMENT=5 DEFAULT CHARSET=utf8mb4 COLLATE=utf8mb4_0900_ai_ci;
/*!40101 SET character_set_client = @saved_cs_client */;

--
-- Dumping data for table `services`
--

LOCK TABLES `services` WRITE;
/*!40000 ALTER TABLE `services` DISABLE KEYS */;
INSERT INTO `services` VALUES (1,'Khám tổng quát',_binary '',100000,'Khám tổng quát'),(2,'Cạo vôi răng',_binary '',200000,'Cạo vôi răng'),(3,'Tẩy trắng răng',_binary '',1500000,'Tẩy trắng răng'),(4,'Chụp X-quang răng',_binary '',300000,'Chụp X-quang răng');
/*!40000 ALTER TABLE `services` ENABLE KEYS */;
UNLOCK TABLES;

--
-- Table structure for table `sessions`
--

DROP TABLE IF EXISTS `sessions`;
/*!40101 SET @saved_cs_client     = @@character_set_client */;
/*!50503 SET character_set_client = utf8mb4 */;
CREATE TABLE `sessions` (
  `session_id` int NOT NULL AUTO_INCREMENT,
  `session_date` date DEFAULT NULL,
  `status` varchar(255) DEFAULT NULL,
  `booking_id` int DEFAULT NULL,
  `schedule_id` int DEFAULT NULL,
  PRIMARY KEY (`session_id`),
  KEY `FKjdx4s91np9yr5nhstlc3olbs1` (`booking_id`),
  KEY `FKhwfxl01n3dq5v4k9lktvrw1go` (`schedule_id`),
  CONSTRAINT `FKhwfxl01n3dq5v4k9lktvrw1go` FOREIGN KEY (`schedule_id`) REFERENCES `working_schedules` (`schedule_id`),
  CONSTRAINT `FKjdx4s91np9yr5nhstlc3olbs1` FOREIGN KEY (`booking_id`) REFERENCES `booking` (`booking_id`)
) ENGINE=InnoDB AUTO_INCREMENT=5 DEFAULT CHARSET=utf8mb4 COLLATE=utf8mb4_0900_ai_ci;
/*!40101 SET character_set_client = @saved_cs_client */;

--
-- Dumping data for table `sessions`
--

LOCK TABLES `sessions` WRITE;
/*!40000 ALTER TABLE `sessions` DISABLE KEYS */;
INSERT INTO `sessions` VALUES (1,'2025-06-12','Ended',3,1),(2,'2025-06-12','Ended',5,3),(3,'2025-06-28','Processing',8,6),(4,'2025-06-28','Processing',7,6);
/*!40000 ALTER TABLE `sessions` ENABLE KEYS */;
UNLOCK TABLES;

--
-- Table structure for table `shifts`
--

DROP TABLE IF EXISTS `shifts`;
/*!40101 SET @saved_cs_client     = @@character_set_client */;
/*!50503 SET character_set_client = utf8mb4 */;
CREATE TABLE `shifts` (
  `shift_id` int NOT NULL AUTO_INCREMENT,
  `description` varchar(100) DEFAULT NULL,
  `shift_name` varchar(100) NOT NULL,
  PRIMARY KEY (`shift_id`)
) ENGINE=InnoDB AUTO_INCREMENT=4 DEFAULT CHARSET=utf8mb4 COLLATE=utf8mb4_0900_ai_ci;
/*!40101 SET character_set_client = @saved_cs_client */;

--
-- Dumping data for table `shifts`
--

LOCK TABLES `shifts` WRITE;
/*!40000 ALTER TABLE `shifts` DISABLE KEYS */;
INSERT INTO `shifts` VALUES (1,'08:00 - 12:00','Ca sáng'),(2,'13:00 - 17:00','Ca chiều'),(3,'18:00 - 22:00','Ca tối');
/*!40000 ALTER TABLE `shifts` ENABLE KEYS */;
UNLOCK TABLES;

--
-- Table structure for table `slots`
--

DROP TABLE IF EXISTS `slots`;
/*!40101 SET @saved_cs_client     = @@character_set_client */;
/*!50503 SET character_set_client = utf8mb4 */;
CREATE TABLE `slots` (
  `slot_id` int NOT NULL AUTO_INCREMENT,
  `end_time` time(6) DEFAULT NULL,
  `is_active` bit(1) DEFAULT NULL,
  `start_time` time(6) DEFAULT NULL,
  `shift_id` int DEFAULT NULL,
  PRIMARY KEY (`slot_id`),
  KEY `FKpxi5xogur681akt4tk8b7vd2y` (`shift_id`),
  CONSTRAINT `FKpxi5xogur681akt4tk8b7vd2y` FOREIGN KEY (`shift_id`) REFERENCES `shifts` (`shift_id`)
) ENGINE=InnoDB AUTO_INCREMENT=15 DEFAULT CHARSET=utf8mb4 COLLATE=utf8mb4_0900_ai_ci;
/*!40101 SET character_set_client = @saved_cs_client */;

--
-- Dumping data for table `slots`
--

LOCK TABLES `slots` WRITE;
/*!40000 ALTER TABLE `slots` DISABLE KEYS */;
INSERT INTO `slots` VALUES (1,'09:00:00.000000',_binary '','08:00:00.000000',1),(2,'10:00:00.000000',_binary '','09:00:00.000000',1),(3,'11:00:00.000000',_binary '','10:00:00.000000',1),(4,'12:00:00.000000',_binary '','11:00:00.000000',1),(5,'13:00:00.000000',_binary '','12:00:00.000000',2),(6,'14:00:00.000000',_binary '','13:00:00.000000',2),(7,'15:00:00.000000',_binary '','14:00:00.000000',2),(8,'16:00:00.000000',_binary '','15:00:00.000000',2),(9,'17:00:00.000000',_binary '','16:00:00.000000',2),(10,'18:00:00.000000',_binary '','17:00:00.000000',3),(11,'19:00:00.000000',_binary '','18:00:00.000000',3),(12,'20:00:00.000000',_binary '','19:00:00.000000',3),(13,'21:00:00.000000',_binary '','20:00:00.000000',3),(14,'22:00:00.000000',_binary '','21:00:00.000000',3);
/*!40000 ALTER TABLE `slots` ENABLE KEYS */;
UNLOCK TABLES;

--
-- Table structure for table `token`
--

DROP TABLE IF EXISTS `token`;
/*!40101 SET @saved_cs_client     = @@character_set_client */;
/*!50503 SET character_set_client = utf8mb4 */;
CREATE TABLE `token` (
  `id` int NOT NULL AUTO_INCREMENT,
  `expiry_date` datetime(6) DEFAULT NULL,
  `token` varchar(255) DEFAULT NULL,
  `user_id` int NOT NULL,
  PRIMARY KEY (`id`),
  UNIQUE KEY `UKg7im3j7f0g31yhl6qco2iboy5` (`user_id`),
  CONSTRAINT `FKj8rfw4x0wjjyibfqq566j4qng` FOREIGN KEY (`user_id`) REFERENCES `users` (`user_id`)
) ENGINE=InnoDB DEFAULT CHARSET=utf8mb4 COLLATE=utf8mb4_0900_ai_ci;
/*!40101 SET character_set_client = @saved_cs_client */;

--
-- Dumping data for table `token`
--

LOCK TABLES `token` WRITE;
/*!40000 ALTER TABLE `token` DISABLE KEYS */;
/*!40000 ALTER TABLE `token` ENABLE KEYS */;
UNLOCK TABLES;

--
-- Table structure for table `users`
--

DROP TABLE IF EXISTS `users`;
/*!40101 SET @saved_cs_client     = @@character_set_client */;
/*!50503 SET character_set_client = utf8mb4 */;
CREATE TABLE `users` (
  `user_id` int NOT NULL AUTO_INCREMENT,
  `address` varchar(200) DEFAULT NULL,
  `avatar` longtext,
  `dob` date DEFAULT NULL,
  `email` varchar(255) NOT NULL,
  `full_name` varchar(200) DEFAULT NULL,
  `gender` varchar(30) DEFAULT NULL,
  `is_active` bit(1) DEFAULT NULL,
  `password` varchar(255) NOT NULL,
  `phone_number` varchar(255) DEFAULT NULL,
  `roleid` int DEFAULT NULL,
  PRIMARY KEY (`user_id`),
  UNIQUE KEY `UK6dotkott2kjsp8vw4d0m25fb7` (`email`),
  KEY `FKgrhs0suhl8cbodxn47xadxp94` (`roleid`),
  CONSTRAINT `FKgrhs0suhl8cbodxn47xadxp94` FOREIGN KEY (`roleid`) REFERENCES `roles` (`role_id`)
) ENGINE=InnoDB AUTO_INCREMENT=8 DEFAULT CHARSET=utf8mb4 COLLATE=utf8mb4_0900_ai_ci;
/*!40101 SET character_set_client = @saved_cs_client */;

--
-- Dumping data for table `users`
--

LOCK TABLES `users` WRITE;
/*!40000 ALTER TABLE `users` DISABLE KEYS */;
INSERT INTO `users` VALUES (1,'123 Admin Street','data:image/png;base64,iVBORw0KGgoAAAANSUhEUgAAABcAAAAgCAYAAAD5VeO1AAAABGdBTUEAALGPC/xhBQAAAAlwSFlzAAAOwgAADsIBFShKgAAAABp0RVh0U29mdHdhcmUAUGFpbnQuTkVUIHYzLjUuMTAw9HKhAAAF0UlEQVRIS41WW09UVxTm3VhrQZh9zhmmobUSE+MgjCCDcqlUBBEoqBRwFBAKUi7KCDKWSxkEHSxyqYDaDmpNpbGJ7YuJ6QOmfTEkLX1o0rf62PSJn/B1fwvPONxMJ1k5c/be61trfetydkzMml+Kw5NtS+r21G1r99edVymufY60fluou6GO18paathTj1b3eRF98KU7Ia0k2iD/ux2pZwjGZ5lVtsyz/Z6A6OQk5iElPmXvOgMl75fg67Qp+OPa8FlsI06qE8hReWhQdWhVzWh1aeHzlXD9gPKiNe5TNMfWYyixF77dNaDhVeD0qMQqwTVrAA2xZ5GdkIOgqxfz7jDmc7UcmVstXEsNI2QFkeHIhC+uCpfjLogD68DJL70cTxhBYfxR+Hd1YN6rASgEjjZAg/bezjCuqC54HOkIOC6hUBUub0iLcKvSlhnuvEsDWFoMLUlaNIgYOfzqnetRQqqYow2BbY5SlGfpthqPKN4wr6LZagSf4r2mYsoYRZ11dmUtykCmw/ty0+pK0WVVoAoiCgSdHprAgcQsVDgrBPh+8iyynXmyxr0OqzVyngWwqecsrTajKXKYgN11lwSIgPP7tdfJo/JO4R4joPd3zTGcNjX4ZnXOLLc4qxE2J0XhvjEjntFIn9mD+QxNy54wus1OWWNk0bScsoo3B6fnPqtCg05HwMkrjRCc3hc7j8v7HWNixeArzqmTp3I2p4Xl6DUyl2fNUETpsDM/kjihSXtNQD5tSvgeUkHtddrCG8cF273cLMQta1hABoyAUEB66HW1VSX/aZTe88w1ow/pKv3NZUirTEimykSReRjBxDYwCpZeo1GPdtWCHsMv4F+qQUxag2COPjSydVd65t7steb8kJGFQWc7Opw+MVBqfYQm5ylctOojwvdaZ5nsFRr5emR0y9l1bW9b26fSbhL4K3NkpRt1VQwknsdFVzVOazoqrKOrhIkPWn48TL4j3XzV2blxBAxpn/Kg1CgG63wq+fqKAc0nuWdphqzPMWJdFpk2r0ldS+K1E5PuQTSbPhwxc0GcCEUsPw4sv7sDoV1D8FsdOKaKUGlU4IYzIOG37T2D8LkZ/Dz8FL+MPMeNj4M4k3hcogo4m8CIfaoGoZ1DCLmCMqrdCZ72mCyV/eS2S2c9eYUKtvi9PTNygDxWeirx8vu/8eLhcxH+/+O7RTzyPxLOJfFKj2Z7uOmI77lmkO/IX4gpU6XLDL9n20V8sT2AUOyg0MEpl52Ui19vLeCfx/+KEPSnuQdi4K9Hf2Ksbhz7VbqcH4sbRu/bXRh+pw9zjmkQN4aDihvntvhEmrbocasPc/1KqR/PHzwVjwlMQFu49tvMIjJUBoYd/aJnY9BJ6seQ/JaEpshG/TYf/KoD+WY2btYG8ez+DwJugzICGuQ7IyjXzcQcVW09GcGo2fHJ67Jk4+hSfML25Txn1i+4agScQAS0wQhoC9fPJhZL0vmREX0tksy1P86WXOPQUotxTldLOYbKeiIeE9Dm3n4+63sKTkJWCmlg5W3YpfxQ8DPVaTbL3J7fHUa7VYvFsRfLNt+2Abtq+nP9+Gb/lJzn4OJNgLNpnQGvdXAhmNGLkHsIrVYzruzuxgP3bTR/UI0fux5LBDY9v4cX0XKoCtff68WEdxQnE0/IlYL3lsKkNR9oJrV9VwvGdDeynFgtEyok4fa46lFg5qBpbxUCuW0ihVYOOq0GjBqDAnrPO4thPRmpOxAfgCchfVlua0xmkaNISon1eTdhUg5deqtNar3L2Sgzpc6sjAyu42YBut/1Cd+zWeNSJd+qO6JLPV41ZIgRnC/cZANQ7EYij5XWMT2rDzyJvg9yyHGYNSbVSlfzPEEpduQCTvcZPgvfbgI+J3eExHOW5kYVQAPlqkwo7Nh6fpXu9YTB14lljZOr6C67GT+CXJW3zCraCJxOsaYZdbRjbCbeuiI69kFGYF8yvY6DC//nCs0IOOSox5uaV2Ut2XeX/wC41Kn5QkIOKgAAAABJRU5ErkJggg==','1990-01-01','admin@gmail.com','Adminnnnn','Female',_binary '','admin1234','0123456789',1),(2,'456 Manager Ave','','1991-02-02','manager@gmail.com','Manager User','Female',_binary '','manager123','0234567891',2),(3,'789 Doctor Blvd','','1992-03-03','doctor@gmail.com','Doctor Useraaa','Nam',_binary '','doctor123','0345678912',3),(4,'321 Reception Rd','','1993-04-04','receptionist@gmail.com','Receptionist User','Female',_binary '','reception123','0456789123',4),(5,'654 Guest Ln','','1994-05-05','guest@gmail.com','Guest User','Other',_binary '','guest123','0567891234',5),(6,'hn','data:image/png;base64,/9j/4AAQSkZJRgABAQAAAQABAAD/2wCEAAkJCQkKCQoLCwoODw0PDhUTERETFR8WGBYYFh8wHiMeHiMeMCozKScpMypMOzU1O0xXSUVJV2pfX2qFf4WuruoBCQkJCQoJCgsLCg4PDQ8OFRMRERMVHxYYFhgWHzAeIx4eIx4wKjMpJykzKkw7NTU7TFdJRUlXal9faoV/ha6u6v/CABEIBgAIAAMBIgACEQEDEQH/xAAwAAEBAQEBAQEAAAAAAAAAAAAAAQIDBAUGAQEBAQEBAAAAAAAAAAAAAAAAAQIDBP/aAAwDAQACEAMQAAAC8c1nNAms6Oms9I54686ysMgpE1rno3c00FsCmomew8rcrLQ5twamiKE3DCjp05dDHk9/jrksSLAKSgBZRZS6zpffw78IXFjprGwsOaWu31/kfXK1lLc0uLxJO3Q+Zx+j4TlnUXEsALZTW+Wjr6fHT6m/ldz2zPROWPRDhvrTNsIoayNyUxntDzztzM8+uJWd2uPTOk5dMbM6zoxrOjO8aLnWTFlO/p8vqMZ1kzZTWdZLZSWUmN8y9OW63AiiAqC2DVzSsjVyNISoWpEqCoKgqCoKlKgqCoKAAgqCgWVYBYLLAEWVUEIKgsAAgsAAAAAAQqCoAAAAAKlAPzbec6wsJVN9eG46Y0OU6SuTUSSwWU1c1dIKg3vlo7zjRz1g0zSlIsKUtlMN4Lvns68+mj5+Pd5K5ykgAoClFUazs9vGalxqSN3GjUvMzrGq7/W+R9M9MpMS8h0z2AOfh9/iPLNYXMsCwpSalFlLrNN9vPo9/b5nU994dkoqTSMqIBZDUlMY7w4XQ4atOO5TNDNmjGpS51kwDr6/H6yZ1kzc6LLC2Bc0mN4G+e6tyNXNEsFgqE0lFgqC2CoLAAqCoKAACoKgqC2CghCoLZQAFABACAAgsAQoBCoKgAAAAAAAAAAAAAqD4WdTGuMubLcjdm1mpk1EEombACoTSUIW2aIBmxFhdazoTULrNLVMTeC9efWLuaHDvk+bj2eTUyKLSXfWOOuw53ZcXQus6jDUBTXLfKmsaTt7PD2X7U89S11JqUqUz4vd4zx8+3BUok1ktzTSUWUtzotlLvFO3fy9Y9e/N0s6paAioiwk1kayNZzs5ztDzOmTE3kzQzQud5Oa0vr83qM53kxrOgg0QWBjWSazqlzS3IqCpQlKlSpSpQBYKlAAAAAAFgqUAA0lGdQArI0yNSCoKgsAQqCoAAAAACACyiVCoLAAAAAAAWCoKg+BrjvOs4uUqC756XpmDSUsuSSxCUFqUgFtzoSwuaSBdaxTpkLcje+fQmdideezdlGdYMeH6HjOAsanar26Zzc53DKiTUG+dOucUEHLfOy6zqt752PR9D5HrX6l57SgJgvl1k83DpzWUAIqFlFlFlq6zotg3rnqO3Tz7PTrz7O947s6M0opKjnOnMz0xstyNZU48/Vg4TWSLDWd4MWU6+jz+oxmwxrOiApCgmdYFzqiCoKgtzShLYLYKCoKAAAACoKgAqCgAWDVlAXJEAWCoAABCoKgsBYAAAAAAAAAAAABCoKgqUAAA/NjNZ1DKhZoKVc0sQBIsKFqxAVpSECBZoAVSVS7xqNWUdefSrQnHfIvHrk8css37fL7zXLpiUtjlneak3kxaoSAJy78rM7z0rLYz046j3fQ+J6D67hTXGwnlvJZmyCAAC2UAus01c2tINXNNaxY3vlo674bO+/Ps73jqzoyLm8joz0MTrkxZk2xS89U43fI1jpk5UN+zw+wY3gxrOiXOhLCkJnWSXNoCwCUqE1YLYLYWpUqCgAAWCoKgqCoKACoKlLYKzSEAAAAAAAAAAACCoKgAsAAAAAAAAAAABYKD85OkzebWSAazsrcMSiLFWUksRXRcOvMgNJREARrJdINdeWipS6zqNXQmlqWjjy78CRk4Cz0ezx+qXXPWDVxBApTIEogLy68bG89KtcTNmobzV7+35u09/n4l2xqMxTKwIAq2WFlLc01c2rYLc6Lc0tzY3rno6a5U66407OI655j0dfN1OzOrEquXL1Zjz6xzO3n1DPWDfO9zz+vz9y41gzM5N3nTs46OszomOnMzrNogqCoLYTVhdIS2FqUqEoAAAAFgoAFgqUAAtgiCwKgqCoKgqCoAAAAAAABCoKgqCoKlAAAAAAAAAFg/PKzZNZMrC6zo3cQsBKIoy1kvo8/Y78O+F8zUAJKIAEpVq0ms6Oi2OrMKzK6s0zw75PPjrxOSWz1deW5dZtMoALrOiRCxBYLz1bHTfIzOmRYl64QLkqUqUaxTWbCCkotlhQqUoq2ItlFlFg1rFNXNLc0qCoLvnTrvgr19PDU908+zHHto4a9Gzy30ecuc5OvXyeg35/Rg49JSbxsmdCNQmbDFiiCoS2C2DVlWpRYKCoSpQABYKgqUAAoAAKg0giAKAAqCoKgqIAqAAAAAAAoiiKJQAAAAAAAAAAA+BYzauzhO/I5tZKgazotzoEEBrOjvrjSBcUI0MTUIEtmlus7JqaOrNJrI1lItyKuKxw68LOes6PTvlqXtJkAmpsjQzLCazSS4qfR8vrTz4xF6YIAWCyiWaCwAubAAC3OioLZRYLYLZS3NLLk2g2zS2CoKlCQ3INSStXFO3fx7PffN2s3z3g8vPpiL38/oN56cRcUtlEzzPRnOzMuTMKIKhKC3NNWValFhKCoKlAAFgqCgAAoFgqCoNEJCgAAAFgqCgCAAACiKJUKAAAAAAAAAAAQoAEsFlPgIzbrA6YtMY6Q5tQlDa1czWUgLZoFVZSKLNZJmxIUaulzoNJqN3OiTUMrozaM468a58O/CzHTn0OliXaUqbJtDedZCQQSYvavZ4/V4iWJRC3NLLCpRYNAQNJQCKJVJUFzS2DSC2UWK1LItlLZQlCC2AsCCoq2UtDWsDo5ZTpjI3383or0ceuTzO+CXEOkzuOW6LLDEuaqCpUAtzTVlKlWoKCoSgAAAqUAAAoFgqCoNAwKAAFAFlgAAAAAAAAAAAAAAABZQAABAoEFBFlX8+1MpLSbmzOe2V4zvE43pDGs1bnWSLEusaW2UoLKGdZMrTN1k6746OjKAOiCyUbzS5YN8umK5+f1eZOe8brqqW1om4LdhjcM53zCLMerz7NZRZYi5ogKCoKCgELc00lKlFmjM1klCg0ClIDWd4Lc6NbxsxELc0qDUCCmsjVzo1c0qImbKhUejz969EvE3eHQ1KOeO+TlqZOkxRnQysARYLYNpSpVWChKgqCgAWCoKgqC2CgAqCoNwMigBSUAgBYKgqCoKgoAAAAAAAAAAFgoABACywBUEWF+GXKXUJvJe0lJ0nRMef08DnntgwsWShWiULFAGbCWDeZoalKWCWtSDW87JrGomemS895OfD08bOG86rtWpW82NYUdIozRjWDOd4rHTntNxJSCgAWaCwShrOzM1CULZRVJqBnWQg0zatzY1c6Cw3jWRrNNXOjIAKAiqAC6zoalggmdSiknbj1r18O3I8zWY104q9LzaOkgZ1CAIKABYTaUoWoKlQCoKACoAKgoFgoFgqCpTQMgAAqCoKAAAAABYKgqCoKlAAAAABCgAAAllACFBAPh2XN0tMENSaV241O3FkRCQIsW3NNoSpVudjM2ObUJrOjU1TOs6MULZqLrFLrno3lmrUJx78jy6iz0Il3rnDblT0bvqs8V9PGXlnpg58uvGy9MdK1z9vjjKpQBSagssCUvTls3z64M0FmiqM6zS51kyKFFli6zTUlLm5LrNNazTIKlFlIBrOiCrvHSJYBTMsqlTPTl0r2c+mI451DM3DDQysrTI0zSwAKgoTVzSgqCpQCpQAg0lAAAKlKgqCpQDQIAAAAAAsKAAAAAAAABYKgqCoKgAqUAELEFlABFqEqF+FvNzds0kRLc1ds01BMrkgVNQy1EahalNULAzVMWU105bLneINDNbJqhKM6UuN5rPHfkCWzsn0D5rpxNXFPoevwe+rijz+b6POPn8/R5zWs6s9fl9XnlxKllUiiLACWUFNyC3Oiazs3NZMA1m5MirSFgtlLrNNS6OWs6LrOjMoWaIuQBZQlq759IlC0JnWRYszvGq9uNQ4yyEsCUi5EqstQINM1KlALrNWgWEoVYSpQAC3NAFgqCpSgAAWU0CIKFKWWligCKIpIogQEAAAAAAAAAAQKAABEFlKQAAA+HTN0zpczcTNsLWiWjOd5XmsFCSklQus6XSwEG8aLneSazTVlKCWQ6M7JbBrPM7cOXJNcyllrXv+f7Tl5/Z4xVjp9T5Xur0SDViHi9Y+fPocKxy5I6SWVZSzQzLABLC6zTUtM2Uu8aOkkMzeS51kyBVBDVzsUN3MM3NNazomsU1cUubkINXOiWUbxo1c6NLCY3kmpa56zbPbFOGd5iJk1c6GdQgEsoAUixFg1c0qVVgoKhKlAALc0WCoKgtzoAAWCpTWs9pec681gbqRNMDbBNsDbFXSCgSxJYuAKgqCoKgqCoKgqCoAKgqCwEsFlAEAAD4rUzc0NBSaJtREGbkkok1CApozq0rVOc3klzTdzoznWS9OejSI0zK3vl0N4x5TrwysqBAtlq+rydz1eP3eImso6awO2/OPZrxaPVfPs75xDXDvo+fPocTz3UXSoxNwzNwysANWUzrOi6yOhRiwkowsLQAtzoqi53gzc01rGigWAlIsLrGhYNXNrW8ajebCS5LErOs2z2A8iwjXeOG+2DOOmCJmrILc1OjPRcLBLBYTSVVgoKhKlAAKlVYSpQQtzTUACoKDffh3lcHM1IqhAKgoALc03rFWQAQAAAAAAAAACWCgAEBC2USwQACD5IzWs7M51kaxs6SUznRc53kgLAgGs02C75jpz0M2jOpozneRWoTejk1zrXLlhKiqlAEsqpS9OWz6Xk6+czPR546XI1ZRQtg6b407Xn0N2UzjtDyvTheDfU8+fVwOc1Iko1Zo561kqi6xok3gM0uLDSaIsGpstaGOkPPVGs6AAFlEuS6xoqUtlsu87WwjMuQiohPbc6ryy2J0mj03l6TzXY4ef6nlryZ3kdeXUbwNTWCFE0MrCgAqChLAWVaZKhNMjSC6xsQFgqUWDVzTKQ0yNMjSCpSoLcjSDSClICoKgqCoKlAABCoLAJSoLAASwoBABLBA+U3M3K5UlG8U1c0mNQlgTUIojpglg3caLVJVFQgEsGs06XnyNeWSwCgqCgQpYKgu+Y65xo62WNaz1J07+6vl4+r4zzW0l0i9eVrqdzh03Ty9e3M9PzvRyPHjriXnVhWi50MtDNuTUglCZ1kus0oG8aOmoNIPPQ00MWUFFDMsFlNAWU3vHQgM51kkZpZT1defWzyaxY6sw7+jxdjprj0OvPfOvBz3hHXjo6YzTbGi1F3cahKEohSKqWCoKlNZ1gWVAFgus1bBFlAKlLAzLASqg0gqI0yNILc0tzotlAAAAAAAAAABBZQAACENJSAgBAlPnSM1nUMEW6zopTM3gltMXUMtZLlCpS6zo2lLc6LN5My5LLCLxL50soBCgqUELIog1IKlLc09CDp6PN9A9vPPzk6c+OF7b8tPfvxdzvZszq01rFO2uWzHL18jwc/b5pfO1IUKzoFLNDEsAJGTdxooGs7OgKujzTeDZ0OK5NazTcsM53gWU0lFlOm8bEsJjeDEuatm079uHavJGTdwl66407dPP1TtnniuOUSoq2C6z0LXVeLtxipYpZYZTWsarJKqBZTeNZRZQAQtzoqCpRYLZS9uXql8nP2+OzKwCllFiNMjVwOmuWjUCoKg0gqCoKlAAAABABYKgqABAoEsCCxAD5VrNslWTUJvOjbOi8+mTOpozm5KDnN5JvPQxUOlx0LuaGdQxKMy8R50sVCyCoLc0qCsqAAAAWDprno9H1Pl+s5ccQ9HOZjUzat0Onq+d0Pqa8XsNtaOd6BrOjly9WT5fP6HjjCxZVi9OUO85CS5IoxN5GpRZRtTQN2DHPpkzrNLmhvPQi5JjpzANXOgU6dOexKM8+vI55ubN+vxbr09c7PHjpzBJdXOjesZTpzzKJUFJrXqPN1ma6dvPD0eVzl2xo6sahkSWWqhahLcjchKgqQ0lGs6UACpSpTfq8e5dcdK5565TCgAoKI1ozpQABLCgAAAqCoKgAASwUBSLTKjK0iiTQzdCNRcrD5UszZVMtwpSVsxnWCs0uLk0xSyQ1rA1EHbj1Om8dBKOebyL5Nc6VEQBCoKiqlBSLAAoiiWhqDe+VKiNIFK138+j2+T2bPD34D6nq+N7D33OgCTUJy6jzz1D52/X4zp4/q+OPJElsBqbOeOnMazotC7xstUqjlNYIUalJvNLnWRm5ALrNKDpvlteiVM8unM5Y6c6tzbPR6PH1i6eo+a9niqsU0DNWlai7zTes7Tlyua3nMKgus0u8I2JILagpChFiSyKqC3NLvGlsFWC2CpVtgtlRLDOpQolAAACoKgELYKgqCgAAEKgIKUFVSCRLBVlqISpVWSNMiwPlllazogFxk3eI6c7CpSZuTTNLAAUG+fQ76lGaMebp5SCyIEsAoIClAUFJQAAAAtgqCoNXI6dfPo9Xfz+g6+H2ek+R19HnPT7/AI/c+reHYsDk3DHi93yzpx5YPbny9YLJaB056Ly68zOs6NOvMnTls6goMZuS3NNJoihKOc3kihVEtM3XReWunMTAmOmbMXWUduCvZry9Zff5bmzyOnI1rGqWU1efSNaxTrjHIIssgtgtlNWItiSoKi2pUBAkFtgCVLrGoou6lFgoW2UqUBJZSpQAAAAABLCgAAAAAELEFzothbYiwEtIsFlIsoAIsQqD5Yl0yLc0zmiTQw0M0JnUMqFlC0sQmlPRrlosmTzcuuLMxBLAAAKFFUlAAAAAABZQACgoN+zw6Psa8/oT0Yuj53D6niXHu+Vs+28HdO+eGDXze3FeWunXN561kyAtMrC51kmlOmNQzrOjqlNQOedZFmhqUAsoxnWSULc6FgvXns651Dnx9HJcQWC5znWbG8brprFlcunNFza6ps4akk2zou8VnObGgpYLZTWsbiUkELClhKgoKRKliUGs1NrGpYaqWlhdUFgsEWaC7ObeAtMtZABCwBC2CoKgsAAQsBELc6WlABYiiVQKATQ5OuTE1Fij5oyNUxu0zu6OXH18TjbCAmekMS5FlLc0qC6xTt047NefrwMYuakRAAABqpaAABCpDUgrMNMjespZrCzdxsXfROTtk5NwzqF6/V+N7D6W/HtPRiQ8Hn9/z16d/Fo9WeGjbNl1cajSCJTVzQZNZsGuejrlBYOtlNM0xnWRvGygFCwxnUIBqUssNb57ToFzjeDnjpgxZajWjG2rX0fl+9nycff4TNys63nqVneEtzU1chktAqUtzS7xopJKiBKoRZSoSohZoBFg7SIguwWpV2QqSqwOmuNTvvzU9XLlDs4F6uQ7XgO+eZNsioNAAIKgAEAIQusbXSUAqWFbMN4CCgWbTVF4Z6ZXCxfnWpJcjog1vl0Lz1g4zrDnu7Oc6YOeOkObUFlLAazTr05aJy3xOeNZsQAABaUFgsQrOTcyNQFlEsFmhEKmi9c1NuY6TA3c6D0YXjsOs1s7PLDr5Nci6xs10dY5J0lzrVGdo52i5sqSirDFo3NQzrOjesbFlOeenMaxo3c0qDSDMZKlLZS2Ubxo2CY3k546c6wlS1VaDPTnqz1eL0+WsBLvnqXpjWEqVBALVlFlFgus01EjUEABKlKJEsLrOgEWWNWAGgulhd5QsqszcIukxdUw2MXVMNjNoAAQKAAAQqABARC6yNXmOl5bN2Vb159JMY1lQFgus1OpDnKWY6ZX50SIkioN75brrgI1ozOmTM6YPPnWBWjDWQADpcbMcO3AzCwBKIsFKpCyZLAFIoFJQiwaggG8dDUQJS3OxYPR18fQuOmCb55OkzBINdM7jVhXXluOyWFlMyDWdZqWU1KMalNXFJc6Nazous6Jy7czBTVUgEoxNQAupRZRrOjZBjWTPPpiuVlTVmqvfHoPCZLlTmsLrOzWOnNFzpEsIlVYrYiErdaJKjNgqEoSpUtiLAazpaJFlKAgouqGhK1ZRLC3OkAAqCgAAEEDSCoAAAEAQQGptc2iVS2U3uJOcFIKBrNOshMWVUQ+ctl4t2M3po4ztKzMjozDrOdOmdQ8/PrzJcjWbkpoTpzG8dDl5+vKoEAFIsCWkZAAN9eWyzek5TtTz73gzncXOdZAG8aNyAg1c0vTFKzTpvlsnP0cjnmwazs1vO5VIazTtVhc0551mt3nshDdmjnqUk1kbxsupTVzomOnMyDdlABCS5Lc00CoLrNOiQudQxjeDlYs3GK9GeVLvn1OVmjOenOms6jeN5M2VlLkBQrbOiEO2+PeOZCABFRKlTVzYIS7xtuJUtiSgBalulhbLKus0ubEtlKlUAACoKlEsSAoAAABABAhDW8bWwhYrWs6jrM4EkNMw6OY6OY9E4Dq4jrOcPE1zl6dOHU3AS4GNDK5hcjprz9amOuThNZBC6wNyUusjhz3iyELcjVyNQJZamd5IBZo69MbTdzRxvIsRdMQsQoGs0oCUqUqDVzTeuY6MDcvY8993mM7lliyJ0xs7puOaDMQusWtTULrNIgs3kz156NA3qUnPpzMUN2aJNZUEmbkazTcACpToogMY6cziss1i5rXTl2OWbg6dOeq1jWSbxY687klhNs1Mu2V5yyrc01FOnRIxELLBZWQkWUthIF1vn0mskt3c2ZqFqW1ZVAS5rUyTUmyXVXF2MtDLaMtCLBYLrFqQSgAAi0y1CTQzNQkolkXSUAqCoKgoBSNVMOlOTsOLtTwS6xrnrShSZ2OLrgwIzjrDluU6RTnjpyqZ1CbzT0SbjgonH07r52PqcbPC7ciAWKqUoMzeSdOfSO1aC2zz49HAzEUBAqUFJQKAKCoLc0tzTW8U9nbw/QPLj3eKWSyG8aO2ILZYmNwxSuiaMkLc6FDOs6NA6WaJz6ciA3c01mliwmdYSoNXNKBYOwIzwO+O+68GPf5jlVXPo8+rlx7ca6WIt57M9Zo3y6ZOU1kAvfz09Hn7aTzLC7xTbNLvcM59PU8LWZkEtlAIFvXl1axNZXVABZRYKgY1miE3vFXTI0zQAAAABqUrRJZk6OUOzgO9849N8o9V8g9byD13xj2Ty09TzU7uWl1Ls5z0aPLr0jhesObcMrlKzk6uGT1Tyw8u5vGiqy0IozneTKohTnO2azJCY1zCBYNd/P0Omc4N68cPby8qvVz4E6c4IUlKWCpSKO3TzdI7M0vHpmzzLFSiUFbMzUCiLAsFlAALvI6TmN+jyU+15uHrPJNs3OqC7MXclxOnMytS6aMTeazZS6wNXOi2U3rOjON8yAusbCpUsqY6YSLBrOxQRTqU58vRDhOvKsMdV1x3zGudue3Dpit5uIvbj0NYmT0XnozneYyspZR15DvjUTV5U1jWC7509Xr+b0PT4vVxTm1mRYkoqBb15dGpNZXVCAoAAJnUMulrDcTN2MXVMtFzbTLQzOgxbErNEoi0w6aOM9WjyX2DxvWPHPZk8jvk5OuTFDXbzU92vF0PW47OjMHLHM6ZwNSQsAAuzne2zwNYxrV5K7TNLJkuecNuSO4BuuGO+Y8+e/Ks2aMtQmpzLxSyxAQAILc0Eq2CoLc0qUu+ejtNDzZ65MNDLQlABZQAICgFADXTnYmdQvo8+j13l0lwZL149DrmpUDITbJbmrMzWSyw1oLYN9OPQvLpzIsLvnoqFpSZ3lOaQ104dTTMN3PQ3ZoyDnz65XlvXRXl9fz7mIstg1i6M6Qbz1OmLJZLDM1mxKIC7xostI0TKwtxTv7fnemPR4ffzPHN5ZVYwW6bxtbnfNd3NQBYKABLK1QZ1E0UlUjWl5upOc7U871U8t9VPLfSOGuoxqwrGDtOEXvnjTWbTDYlEqBjY4Y9HM5OgxrMO2vOPVvx6PW4dTTdObrDFZN3hg9Ty+g+bDGs40JrnK6zns5zpmM3VN7zumlM8u/I4c98yWCxzLzkpBAE1CSiKqAKIsAFgtg1rHeOuOvKueOvEAAAAAACAoC3NKUVsy9HM5qjtvGpUBrOzWsblk0MZ3lLpomeuTGd4ts1EtaCwbxuW53DE1myalVVComd4OedZsnXn0LLC9OfQ1qUllFnFb14d7fN5enO5BALrOjWsDWp0l1z7cjOWSxLKmiTWS3NLvnqXtlua557crnJLO3bjrLfPObO3TzWvRznWOL0F4aDXPphbVI1tOTtTi9Gzy316rx31jz30DjeoxqwqE0zDbA2xDo5w6TmNzIZ1TnOpeV6EyogBAzlek45TvjkN5gWU6a4jtzbOE78jKC3NN9OA9OeNNyCpTr6OHoPmZ6Zxrlbol1a5Y7845S6J0bKStXlTfK8zGOvMxHMvKyxLAujO9aq7dI4cvXwPO1irIAABQBQvt4eyOfPorj5/T5iAqCwAAAAAALZomrqJ0wr0Y56M9t7zeVDMsLvHQ1vFlqQZhOuue1qDnnWU3Eq7x0UWTNF2lOcsq3Oi6zoFiY6YOWd4sdefQTUM9MaOusaJvNrz5SdXTmXlz7c7zyLmgWE3Mi9OdX18iXnd8gmrm3UjObmltJVlvbjqa6Z0lxz74uUsswqxcjd5069vLT1vLs7c5mO+vMr2a8Q92vBo918ez0uOzcUiwqClIoyoBABCwABAmTc54O84ZO2eYudDDYy1CAQCAgqDpvhomemCIqojVzTSC6zo79uHc+dm5zq3NKgvPXIWIqQ0wNM5OmMK1lyHNLBSXXQxrWzj1686658eDtygZ1CAAFgaJfR6T5+vfDPe043fCvLxuSoKgAAUgAAKFi6m11359osolo1JTE1kyQ1vno3ZqXKwyC9MbKsMY7YrIS9efSWykzbpcqOeenOms6NXOo0lLjeDnjeadOXUk1gtzU7THY6cu3kt5knZZqVLTjz9K58rvm45um04+vGzLSaS5bzy1m8nS5ZuJUy3mtrIBdFjp28kzv1Z47i569TyXty1MZs1MtLJtUAqCwKgrI0zTWuY9HXx6T3XydV7TIusQ7OPQ0goQzk6OEO84U6YaMOg5Oo53Qy1CLCTUJLCTWRLCSwhAAAC3IhKqCpY0zous7O3fj2Pj3ExrprjD03z6O3MOdQpDMCZ1mhgnOyyLSa13OfWcT08PPK1kAgACSqlAIvo4e09PedTfP28K4c/RxOHg7+NMTWVAlAABZQICgLWpbvPc26YgQsQ1rGhNSM47cqbzo6allksMqLrOikGd5MAdOfSrc6hc00DPPtxFzqrc6i6zoZ3k5Z3Kx0x0GOmCVU16ueqx5dYnUJu2VVlEAAC7xbxXO0ltxqY1k457TeM6LM51lNywSw3ZVATQzqSXreO86k6Z1IrWIAQBCFsAEWCoNM01vmPTvy9DuxVsZOt8+jpnQzdUlEtgqCwCACAgEsIQRBMw1mQqKqACoKghCpRSFg1059zr3wPiyTOrCFlO2+HUvLpyGQAk1gzys0l31Tn1nA9HDmBAAUiiVSLCLCKCqezydI+zrwbX2zyaOvHPkOXOyySiLAoiiKIoAAVS6nSW+pqMzUjJKAvTHWM56ZLz6YrmkOu+OzZZctDOs6Koso5Z3ku8bLc6Fg1mwmNZM6zo1Zotg1AxN8zO8bq5omp3TrnXlrjEnepZbYWgAQC6ucBi1lj074a49M4Z3NDWZLLnOdSzUsIsN3NW2VEsEulzqgSwQICBBCCoWoKEAqC3NNXFOvTz6O7FWpDrvz7OiZNsE6MDbA2zDbnDq4w7PPD0Z4DtnkNzIsQqKqUAAEKgASwAtliuvY59uXI7csjwzUzqKLYjprkOnOCAqCc9ZrHXOLO3HAFI30OF9A4O487vDjeg5zrkxOkMLCLCgtyrpvij0XzF68hIsqKI10OXbvoxOfI655Q6TA2xTbFOm+XU7d/N2jrLJc51iJLBrPQdOei5uSY1ipNQvTPQupZUAmhQ1nWTnEN3OhrNANJTGd4Mg3vn0KBVM8+nMlWiwvs4em5z4PZ4XTInVSWpSwAAQvS8ud3hm5olkls1ozSzM1E5lssAQ1rOlLtMaqosBBARCxCyAQqCoSoKlAKgqUWC3NN6502xV2wOzkOjnE6uQ6OY3MjUgqAQoAAAAKkNSKqCoKgpSSol6eg4eicTryyAAPJnpMa5tjDY5rClJEGbzrWMywUl11OfTSVZok1LMtaObUjLRcNc6sxlLEAKKWUKIC9MekPX0T5D3+YlnNdYQkuRLABYLZqN+mequPbSXM1nKc95MSi6yOnTl0py7cozneaSw1vno1cpbFJuUsg3A5kNWC6mgoKOeOmDCjXTOigtlM41klza3J1Tvss8vl78J1gnSpVWCpqyNkz16drzzNxz83PvzXz9O0Xn1kC9JOXT0brxcvT5jlZojW7OWuujnsBAQEBBEEQsQILAABKgoAKgqCgqDSUtgqVVgESgAEKgqCoKBUKgsgqUCiCoKgpQbjPfMO3PACgAgQ4MsaqCwMzQzWDPJmrEsV1MdempcrCNUmlJNKkvMucZl1mZLmLEECgKBZorRMKXfq8/U9Tzc03wzF1ASwmdZEsAFC7x2j29OHSullxZjeTE1DE1CVDWpqmNZhKtzNRJvns1ZqWVTOqDUBTlnpgtg3ZS2CgnLpxJc6Olg3FGs6M46YMVK16uPoudizxcPT5s9oJ0BaAvouOfpurxVbmTQ447Yl1w9XnXGt9EdcUuZzOOOlXj00siwAgICEBBEEQRCxCoAKgqEoAFgqCpQCoLZooFlEFBAACCoKBYKgsAKIKgqCoKtjNUmlFUFJQAgCZNTJeMsxZZSoEuR59crAprXcx1WVNDLQlolczpz5Zt1mYXWckEZsAAAKWUbxs6SYSsF63iOucDVlKlhAksIShRZY16OPpXrrVi0iTUOc3gwBneTXXj2rOdwxnpkyCWaOlzqW1SwLKJLDGdQlsN6zTSaDUOfH08zjq6Q0VqUtlJneDhvPps6als3ZbPL5PoeKdOYnUaJ0692MdFvItsloiic+uJcSci89arowLIABABASwSwhBEGULEEAAgqCoKAEWCpQAABZotBQWAFQQAQqUFCAAAiqgqIAW6JcimiatJbaiiCBCzENTMNSRdQOTecWFAJw1xqRqydb0labJrWkzNjm3xXXPllrWZhd4kubBkBLAAAAKELACApYLZY1ZVWUiwksSAAtnQ69Zte25rKWjKxc53lMTWSZ1kvTjo6yQ1LFznWbJrPQWpd2UShZRNQxNQZ0FmhvOigmN8zLFOiUWaLQY3myd86srHmPbv53or0ceyPFj3ZXyeqaN3muel4jteEO7zxe+eQ1mACAAIKgAQEAgRBEJEEBELAAABAAKlAAAAKlLZooFlBARahLAAVFsEAEKgqSqiKgqU0dDG9aM22yUAgzld5xRNxcRAEAbvY8csxoC4vnM5a0nW6ht0G5pBzrpz8+JrWZhrWcrBGQQKEAgKCEKCAAAAALZTVlWgSwksSAUL0x3W+rj6otiKBEGdZXGdZTKwlaF3Fi4GdyydufUFlXQiwgLLkxcjdmjKwus6KCY3zMqLZS6zotKS6SizhJxO2OPO33Xw1PVOFO946Ot506XnTdwNsjUgqAAgAIBCoLELEBBEEQRBELAIAAKgWEoAKgqUJQBVLQoFlGRUsRYLFFkWwQQqCpCoBRKJddTnvpSWkChmNTnlemMi6x0Xe5iW8WbAQtJttZdSPLKzZNcznyssvSbV0lN65VOl48l6cWW9YzCwuEpEsAAoCCBKsQAACAKgpCgus6W6lFCSwksAFU36OfWO3bOoiiELARVxjplM56Qzpo1cWs4uTTOl3rOkVZbZQDNBnUMW0moKUiwqCY1gQLZouposssusasvLfiOniSiDTNNa506a407689PTrzaPReFO15U6OdOjA2yKQqCoBCwCAgRBEEQSwQEAAAAEAWCgAAWUGhVAFlBlRAEWC2RbISoqpCyQ0lipRb1OXXrUzaADGF7Y5ZOmclqQ1IKg1cU6RUzWxqlrMjSF84ynl6cam2xvMN5xSsxqzOWrkuAZAAASiCgEQQAAgAAABZaAus6lupSgk1kkohRvPU334+qXrYkFJNQksUkLlCwJEspTOdRZ0zY6Is6TRVIAlgSiLAQ1ZRLBAmN4JFLqU1cU3JmzbPGzjxkq5sAKUFBQBZRYNXA6XkO2uA9F81PTfLT03zaO7jTq500yNSCyBEBBEEsEAQAAsCoSgAqUAAVomgqCpQQQVBAKRbIKzE1JCpQBVL1vUahKzzXtnhk64wWoKgqCwARZQBYLc1dJS1ZWmjzZ158sGq1JBAsRu4mUsLgBQAAACkBJCwgAAAAKAAAUG8bl1c6KCSwgAL0xo7ezj3jSWBCwJLCSxYAUw0FUy0rLQud4OmsbLEioEsFlEoyosQqAguNYJZooCZOnDPls6Yy1CUAWUpQVAAFgoAAAUAABYLcjVwOl5DreI7OQ6OY2yLAEAAAAAKEAFC0lUAqCoKlGRblCoS3NLmQ1IAAFgoL2409LzDvjAqFrI0yNSCpQEWUAABaUVYW6JsW85lOPHUlgBFHNrWEuAQBYFlAAoAQZQACAAAoIAACgKlG8ajWs6WhZLEgFmh15+mPTshRUoixEsIow1FzQUFCxAqplDprGo1FBRLkIKgtlJnWQCILjcM2DcYL55wssSwKWUAtlFEAqCpQABYKgqCgIKgqCpQQoAAAUAAEWBZQAUlUi0i0lBYKAgqCoLEVELISsjUkKlAFlACgQqCoNIKQoKAUAWCwAVVJVFVWmoazqxnsPPPRk+dLM1kWJlpEuAQCyiUAAAoZGQCAoAICggAKCAoBZYazsus6WhZBIC2U37fJ7pdiKgoARLCS5WRC3NNAq0k1CSwytGs6LZSoGUEQ0zo1ci5uS5ZLedOkzCXA353KyTpmzApAtlFlKlRYKlAAFgqCgAAAAAAAAAAsBYKAAUAKBSVSUBQAQqQ1IKgpDUmV0zCyRNSCoKAoAUFgoIAUAUBSUFAAQqFqUFFUVZWoNM2zVyNsjTI8GUzu5RZbEzLLkEWCgACgBguSAAAAAAAoICgAAFIazo1ZVoWERZRrOjt7fH7JdCAAFlSKM46YXALVCDdxoS5JENa5U3rGyoKgZ1kiEb5bXTNLEMHMt5WuiInPeLJ01knmubEsoUoFlFgqVAKgqUABQFgqEoAAAAAAAAAFABQUAKBZQAgsQqCoKkKzDczF1MioSpQBQUABQBZQAolAoloKIAkKhaAClFWFFrIoS2KtyNMjVyjwZJtWS5S5BAAKlAApGRACAAAAAAAAAAAoAIus6NWVbAQBRrOjt7fB7Y6JZRSKJRAGNZXNlEQyQ3vnsudZJnUJZS6zS2DUQS5Mxk1rNNalEuDPLWLM6zTrrnldYE7cc8rISgFBZQCgBFgoAFgqCgBQAQCoKgqCpQAAACgWUFAKQqCpDUQqCsisw1JCpCoKAAoFJQFABSUCgUFIoLSKCQskKhaAUAVVVYILILYsqCoKg0zSpY+fZFsgBAAAKAirGRACAAAAAAAAAAAAAoUazqNJVoEUlEtlN+ry9V9iXNWUoCEuUEFhBLDJS7zoubCRCINXOjTA1rA1llGUpqaOialmdw8+dZsVozAijnyubAoUAWCgAqVAVYSoKAACoKAAAAAABYKABQFAKgrIqCoKkNTMNSQ1ILIKFBBQBRRQEFJQUCgolojQltM2wsmTWZCoWpQBQUhVVQEBEqFqLKACoKCpY+fAAAAAAChBkgAAAAAAAAAAAAAKAUhZTVlUBZbFmhqbGlPR18vpzbYikIACELBcyQusDqgubgWCSZTe+XSpi5NXKN5yqyQ66zS75Q7c8wkgtCKHPfnMk1AKBZQBZQAEqUABagqEoAFgqCgAAAAAoFlAACCoLEKzDczF1IKgAAKBSUBQApJQKC0lUi0loltM3Qi5Kxk3nMWoKABZQUVZVUKJLksAhKgoFgCqyNMw3cU8IgAAAAAQZsAAAAAAAAAAAAAAAAFlFg2lKBZaupsupsLSduVj0ss3SVSES5EkUgygZuDreWjbFNXOjGbmy6gsUi5C0znpg7ZuTMsNpTM3CTcLLkz5unOkLFlAKlAFgqUBAFgqVQASoKlAAUEqCpQAUlAAgqCoLJDUyWyCoLAAUBSVSKABQBRCgtI0JbSNUzdWs3YyYjeMZNZgIWgAWUFBZVaJdaM3UJlkQQAAKJDUyNSCgAqU8YgAgqCihBEgKCAAAAABSKIoAAAiiLAolAAC6zS2C6mq1qaNbmrCiSyV18nol7XGskRbixEuViQqCZ1mxcDSU1rnoZ1k0QtlE1g03o5zpgkoTQzqbJNZGs7Mc+vnOUSwKsCgAoAFgqCgAAWEqUABalAAQUlAAAQqCoWzMNSQqCwACgolUlABQFJQLUlUl1TN1o53pTnrpU53pa53cIxyl7c+UNZhbAAAWUFgVVUW6JpoWZNc8wsAbM733Tl5/oeM4SykABZQCgWU8YggAACkIgAABSKAABSKIoiiLAAAAAAAABZatlNaxs3vns6a57s0gY1yjPo83oXprGpSTKsDeciSQ1rG6xnUMzpg0tMrDUCwCDpm0WUsUxoJN7M3OzL0I8/rx1Xz/N+p8qzMsoKFQABYKAAABYKlQAFBKFBFlUAAAAAkKzCpCoAKAolUAUABSUQtJbTN1oxrejne2k47605a6Uw2M2cjrz48l78uYshbAAAogUFUtJbRVLZSznld5mlNVcXdly3zS75W8++eezzTeKgAFlAKlAPIiAAABKQgAUigAUlAoiiLAAAAAABKIogAAFlLc6q6zTe+ejprnpNsi8t81ejz9y5xyPYjNkQsoxNQbx0OdkLmU1vnTebCJQUAtmiuklxaMt7NXVOPolHLfnXtxxhvlw1nXOCwBZUAAAAqUAAAAqCgAqUAAAAAJDUyCAAAoKBSUCiVSKQoltM3VM3ejGumkxrejOrSUKma3OHKPTy8+V685FsgqCwKlAUWBQoVRVFlKzg7Z5CpV1pqauppqpZqc+vK5wLyWLLy6YMrAACgUAPGIAAEEsAAFgoBQWhQUk1CLBKIqIsAAAAAAJQAAWK1ZS6zTeudOjFNc9ZNdePQ45o9Gue4mWZetxoyompDMoiiW7Ma6QxO+TnvO4zNQuptZc0WaNduPQ2yHHfma3iSdbz1xs5yzXAKBFgoAAAAFgqCpQABYKABYAKgsQskKkKlABQUlAUApQVJaFUltJbomlRpS3I3cQ6OWDvjz4Xtz5lsgsAgqUABVlBYFFBVFlFkNZxg1Is1c6W6tmtalm92aljRc8e3C4ki89Mk1mqxNQgAKlFlAjxgEKgAQABQACgVRVqVUk1CSxYogCiKIoiiTUIoiwCAoAC3NNINs01c0sQ315dTjN8zp049jE6Yi6ylus9DM1TM64M2o0zDpi6Wb6ROBtbjvDOtjhrUJqaNFJm8GpgnVKanm7+fXKEvKkqhAAFgoAAAAAAFgoAAFgqCyQsgsACgUCgAUAWUWVFlLZS3NNXI3cU1cDo5jpOWTtjlDeclqIqCooAIWCi0BSFlKC2DSUsmDWIsAFHXnuXbems6JvWs7ls1DPLsufLnvyuMNRmWKudQyACgWUWU8QhKEsAAIoAWUFqUFlLZS2VEozNQysUUigUiiNDLQzNwzNDKiKMqIBYNM0tzTTNLZTXXlsce/EnXj0j0Z3Vzq7jDrxjO3U5uml449ODzdGzXRsnLtg8+9ZNs9CHMJS6z1OetQ5+f0ed0llnUDlw68tcENYsEWUAAAWCgAAAAAAoAACQsgsQFBQoFABSUAAFAChLYLYNM00zDcxk6ZwXUiKgqUAAEqiAUCgAqCoNJS2CyQEsAAWUvu8PRfRz7ZmsaZmuuuResWFkuLz6LnzZ78kzNQjQxNwzKoBZRZY8UAAAAAKCKKoAhZatlNWVEozNQysAVZRQKCgok0MTcMtDDQzNQzNQgAKCpTWsaNazTWNDjUj168/dZu6yhsm87XVImdZrh1bNMQ6ZxAnUmpBiwS4OvTls1icCYZu9s2dbBfPjWNeYLASoKAAACpQAAgoAAAACQsgqUAVQoAAAoAAAFABYKCpDTMNZgsBYiigAAgAFWUAAqCwsqCgtzSgqBKJLABYNb59l74zzmu947munTjs3iVbHNjqxbjeNU887cyKNzr1X5zrzqLEAWI8QAAAAAoIoFloAUWU1rGilSSwzNQgVQoLZRZRZUSiKJNDM3DM1FxN5MrCAWCgu8aNWDdzSY6DXTNjvrNzVaM9M1dIiSWlBnUOOOmDp1xo1lBnWjh06CYvnGWdRGkxnrhrM1zlxLLkKBAKlAAAAAAAFgoACC5QAFFlFUlAAAABYKAABYKgqCyQ1IioKiqAIWCpaAACAVZQAAlsAFCCoNAoCiTUMqIqG8l75xqbum13qWWzEM46ctY6TEY764dDpm05Nw6evzexfL5PqcD5878jM1EFPAABZRAAACqgoKlAFg1c03c6SwJnUJLFWUWUoKEtlKCAqUSjKwzNRcTUMyiAWUbxspDdzTesaLrn0N3PfNdFlmdQFjF0qATWSRk6LSUKFYvksZksGkhkJkYuVyAKBAAKgoAAAAAAABBEKlBRVAFlAAAAAAAKgqCoLIAUIABAqpQIAABQKlAAAsAFJpFuRFlANWUtiKzDUkLCgi6ztZOmVdOe5fRMaWXVmscemNYyLi7xqNdONO0mzp6/P6FSjz+b6HI+dPVwObUPAtSTQyBLAAAKCFiqlKlAKg1rGjVzpGdQzNQlhbYLZSpRYTVzSywWCpSEGbCZ1FzLBLAC6zssQu8aN3I3vGjXfz9ZfTYzZNCVAmSsDebox0UFWUEcTnws1kVJZAzkuEVGzE3hQsBAAAFgoAAAAACQsQApRVAAFgqCoAAKgqCoKgsiWyiW7XGrlplGKlAsAWIqCgABQKAAAAtCZKlspSW0zdDN0AhnY5zcrKoihYXpvhWvRrh0muu/MO85blmdYvNKsmpUgN9vP2PZ28nqWlIo5+f2ZPmc/o+U+UELBnSsiIogABKqCgqC2CpRYN3Gk0lGdQysWpS3NLZQEXNXTNQQtxTUQiQubFgJKIBvGyywazTWs6Naxo1rNj1dOHbNqYXpjnos3Tnu1QBSUIsM+Lt57CauY1DK4GLhRpbe3DO8TpLnmS5osAAAAAqCgAELIBABVFCpQAAAAAAAQqCwlNdGue95m8tRNc8y51JUikBAAAAAVYKKCFlABSa1FZEjcsyoWDbNLYSgqWL059a3z9ez5mff5l4rJRoxehrPTOojXRcdNYm8c7LytzbLZSTWTWuek7e35/qX1pSpQCcuw/MCwACTWYiwAASwCrAqUAqUqC3NN3Gk0lMzUIFtzS2UsAQtzTUEiDUghFIEsAEsG8bLLkWU2g3rGjdzTp383ozdNWWUWgUAABBjfmOGbNZahLMwuGVRpWvRM78+51XLtJfFj1ebfKWW5AAAAAAEKgFI1kgFUUAAAFgqCoKgsAQqWWXe2ue7ma1OejVxk1guAQEAAAoAAAUoAAoC7WVhbFZirG8VNZ2ObWVAtzoUFg1vno9Hp8fdPRy3F8XH2ec5TeZW+VXvvz7m+t4U6XHWXhLjXPSE1c03FMqL6OHQ+hrh3FAAD8wLBCkLAkqIAACVAKCFiqlFgoi3NrdxTUpMrFWC2C2CywgLc0S5LchLkqAQqABvGy51kWDSDesaN6xo328/WX02XOlBZQAACKM+L0+WzKrlEJllWQvTOpveN6muPTBfRnnmHHedc8LLmosqCoKgEKAAUAuQFFlAACCoKgqCoKgBVdZqdM2dEQvOZvO3NZAKSKIoiqAKiKIAABZVAVozvUm2ZLKmriUKUiwayN5owDr38ndN47ZPMsVZS6wOmc0slKiKhWppcdN9Zvnpia58+udcsWE0lNXNNQL0xo9Hr+f7zVgoAPy4sCApLISiLAABKIAAKCAKirYLrFN3GiyiAWCpSoEsCDUCELAlgssAAGs6iywhC6xo1rGq3rGjW+eo9fTz987tgtgoAIAkOHHeLlEqS4JlBZ0l36d7m55d8ZZ2zhcS5uMqsznvxTI1kgsAAUAUAEsBQAAAAAAAgsAWFm2l2m7MYN4luIurnN3TDdOd2MOg5ug53UMkLIgAAFKBSXW2pc5luS5KZlK0lJQqARKCNUzvFNSQ0gqVRRaJQWWEtM1F0xuau5qb5I1zmd5SWUqU1rOjUDfu8PsO4BSVD8wLAgiggABAAAiwAAAAAWCpS3NrVzSywWCoKgqBAqACWBLCpQlEsLrOiwiAlg3c2t3NN6xqO3p8nqmtWM6oLFJQCmdZTxxLlGamLkhC+rz+6b6435s2a64a4Z3DONZ1izpzN8N80ysuLKqAKAFAAQAWCoKgqCoAAAABRZua1eca1lWI1bM3QUSgWCsw255XpMQ1IioKAAFUBtc9LmbuIuQZXXVOLtmuawWCpSNElACoFlGdQzQtbM3Yy0MqIFWWKbXHbNm9crGuVi8tSjCwtg3c7LKNeryeg9tzSgSw/LhAoAIASqiwliKACAAAAAAAqK1cjdzQAgqCoBBYLAILAWAABvOhLIAihc01rNrprGo36fL3Xvc7zoJalCUILjXM8ss1jOdYrMQhTp7vD3z17887l7+fvwM8++DjitYkpJjpk5zWbkLFgoAAABCpQAAAAAAAoi0zbSLSUFBYKyNucOkwNSAAAIAUAUClJddG83OJbkuASoT1+z5Xavd4pkzNUzbEEKhQQUlaMumjm6w5TY1uUEAIoy0MzRZrKOuZtU68p04ovPWsaJNZFlLrOjSUvfh3PZqaIoSw/LhAoAIFI9MrzTWSCGs0oAIABKJYKgqWiWFgusWts0ACCCwoQqAAAlAAG8bEsgASliNXNOmsaN9uHRe/byenOtJZVAACSjx4689ZxjpzTEspYO2+fXPa2Wa138/ZNct+dMYsuYS5sZJjUuYLAKgqCoBSLAAAAABZRbSKJQAENMjTA0yKiLAAqKqUACAFAAFptc9dSdHOZQi86AUjSx050qQ2yKgqULoxemk5b6DOgAIACiKAAEok1DNFLI78ql4LKbxsZ1kBLrNXes0vo4dz22UAKPyqWwAABvHU9XLp5Y5SyoAI1ddq8zWYSwAAAhSUoiKlALc2tJYiygBAAACWUlgoBC6zqAAEKFFzTesaN9OWo36/F6Jrvc3OtIKgsgsDjw9fms58t4ucyqgN9uHXPTpeReueeU3mNZEZSQudRGdSsgAAAAKJQgAAAAFg2xTTIqCoKgWBYKAIAAAUoIAWChQFvVqdGM9XFNcgZAoLrNSoq2Umd5Fzsl6aTnvoM6AAlIoFIoihKICpRLCwEsJLFtlhvFXGO3Ims6LnUM0S2aXWs6NduHpPXQAoPyosAAAvq4ew5eT0eYgIqJWq9G7iOXPvheSwixAACAAoSgAC3NKACLAAKIFgAAqIus6BAAAAC6za6XOjXbh1l9dx0xsABLCxC8nOzhjedZypJZQyNJF0mjIRmwiwAk1KysEsAKABQIEollAAAAAAKAAAAUAACAFAAAChQGnZqbc89nJNcQZAApUVRYrSUubCdMaTtcaKgKJQWUigAAACAsUgABCSwtzqUF1y6YMalLnWSULrOjWs6L6/J7D0s0qC2D8siyiAAPT246PPzuaCFB1596689ZlS5l5ZSyykgAEoiiAWUEKAC3NKQAEAAAoAAqGs6EsAAAAFlrfTGzV509Po8Xpxvq8/M9c8OT2cvPLOuMLNJUQBSZsFozQazSSwgEAUsWpz64MywAqUWAAACLBZQAAAACpQAAACgACABaAAFgFadmm5nPacU1xBkAEXXQ5rBZRZQiqlGpTWsVOiUqUAAAqCgEKgAAAEKgZsFllqVZM0llLnWQUamjVlNe7xe81QKMtj8nYTVzSywdOfc9Hm7eQzLAC2U1vFrpM5jfOZVBLYCwAAAAgoUCAAKlAEAKAAAAWC6zoubIAAAAAtza3rno6MoslEQpSAtlEoZQaAlJKFCS0wsJQLKWwc9ZJLAAUAAAAAgKAAAACgAAAAoAAAFgogULFV2aurnPecWbxC4ALtMdNKuZCCKAillFUWUWDWsVOjNNJSKAAABCoKgskNMZOjkXcyKiLvnTpGVllLZUZsFlW6zstU7e3zeoUKAD8opJQAnblTt59ZEoloAtlLmSksiAWDUAsAAAAJQAEKBYKCLAKAAAAWC6zoggAAAAAKtzTdxqNaxoksAFQtzSy5AqENM6goWaMKoIms0zqarObgkBLACpQlAAAAEoAAAAAoAAAAKgoAAFAtgRVdmnSM95xvO8gvMWprWkJk3iSKmhYCKoKUUAKlFg1rnTpcaTSUJRLkrMXc5w6TmjeYLAAAAoUEqFpS2BAWU1rOy7z3PV1EABQPy96jleuo4O+TnnqON6k4zsri6cxLBAAgIsAFgtlEogAAIoihLBZQBZRKIAKAAACLrOiAAACgIIVKqUus2NaxTWdZKCAtzoudZotMgiw0kjbGhLmqCWi51hJjWFAAiwAWUFIsABSLAAAAABQAAAAUAAhVqUKiFdm3SM93K8nNDXIbsm8w1MoIKUWAKAtmgIqCpQACorVxTq5Q6uSN5yLAAWFBFgWUAAWUAAtlKQllFml1rOjfr8vvOtlQBKID840lhDUAvY5ztTh01yOfGyyAgAIoiiLCKAKlEogAAAJYKCAWUqUgAoICgAi6zQAKIiioAABZRrNNJTebkazSxYms6oU6cu/JMzrzIFksANM6IZOlxpGbFznWQCLCyjKwWUAAAAAAAAAAqUAAAFAAFWAoSVXZq7Md2LwuUTXGlSpLLACChYCUqUVaWUCAAKgqCoqwAgAAAFABAWgBAFAUUFlGbBZRqVdbzs7+zl1LrNS3NKlAPzsiVQauo6rKlzk155yRCoCAEKBZ0Oz1bmvmY+pyT5878rM2wASiAAAAASgBYAAoAAIAtlEsKgAWAKACFirZSgqiLAg1rGyLEvS5LzCSxUABc00VJUIRcywAssIAAAAAAUiwAAAAUAAAFAlBQoAElV1avSXHdm8LGDXBZpCEAKJZRZSSwlgtlNIrSItgqBYKASqlDpo43to870Dz30WvNe+zz8/oeGXAgEBVgpSW1M26MtZLAsQFJaLqU16OPsXtrNLZQBYNJU/OSpWpqGnQzpTHC8KIsQBAAUiienh7Je9lmlzyM+TWLmTvo8zeaiwBIsAAIUlgqWggAKAAAFFlEsgAAAKAAUFgtzTaUAk0JvFNJSoQFikzNDM2MXRZoSLFksMzeAAACKIAAABQQAAABQAAUgAFUKBAIHZt0M97JyRzNcBUBBRYLAmbCoNSCoLc00zS3I0g0zS3NKgsBvGq9jmt7OMs655w7OA9GOUO/mZyqJalC0jdMOmSazpKCSwAZsLZoVoVs6+nHRdXNNs6AFgtzT88usp2aC0zwvlpCwCEAAFlL012s8/t49sb04Rd+aZsdb6g0zfP5/oYs+dPRw1JKICBAAICoKlAAAoABZRZYSwACgAAFgsBQWUu8bLndTmolpQAAQAoiiAWQsFk1lGdRcgAEKgsAAAAsAAACgAAAAUUAABIV1au5M99TGGdc01yqVKRAWpUApTLcqOlODvJODrm3DUiKABQBYLYKlKitMjTIqCoKlBSLYlUus6XWs6LWjk7QxjtxTIEQA1rGjdlNejHolmqFK1rA6OY6MU0lPh9N3NlsL575LGSwBLBLAAADWudPfw5SVYsqeqXr1lmhIsDHm9ma+dn1+a5zKqSkgABCyiUAAoAABYLZYSwACgAAAAFlFg1vHQvfj6E4Y68gsUVIsALYFbMzrisZSFzoLFSkzNQzNZUCLAAAAAAAAAUAAAAKFAABCBtbvEnTecxLkuBUAFJqUyCgtzTUWt9/L3TqtTOOo8/P1RfJPTk4OmZcNDLQy0rLQiiKiLay0MtCLTNtMqgoWUAusDtvz6X0MbMct8xLlAFlW6zsvTPqN7lLZS2UWUAjUIo+bEzpzvlszirmKIBAQABTN1CNCWC2+hXqlzoIBQAM+f1Zs+fj08LMLLIsQCUJQJQAKAAAAtliLAKAAACAoBQA1149jfqx7rn5nL0eeVKJqBKAAHXlDpyRSUULm5Lc0spM53DCxQCwiiAAAAAFABCoKlFUlAABAFlqFshELFlFSKlLVqTUIISwWU3ZqosTp28o9l8uztME3IEpec6w5Oo5Oo5Og5ug5ug53Qy0MqMrFAlIiiWUAABb0503hkQSgalXWs+g13li2U1c2rc0tgqCgA+Xl586nM1mESoEsBAAC9OezcguLCGjt382pfVfNte15bl0llqCyQsgz5vXizwzpzuYKgQBLAsKlAAoAAC2WIKACAAAoACgAvXnpPf9L5Hory8tZgRaEAJSztxJlFAUKQSwWUqUSkzncXCwsoloysIogAAKgsIClBQUABCwCIoAEsoUVIGiLKusU0ygBKFDTMN3lutIAFiNMrOl5Ds4jveA7uFOzkOrmOjFNMipCxFsSKgqCoAVYKBZRZomdZEUWUadi+hqVZS3NS2UpaFFlAAPz2QAlCSwSxEsABRYNsDUCag2kN3jV778+09GvPV9F4al6samrZYSw83n9vk1nEssixAAAAAAoICgi2UgFlEoiwACgABRVGmk3rEBCSF6LEAiw1kXMolACywSwAoKEsoxnpkysVYLmwqUk1kAAAAUFlFlABABKIqJQEKloAlhYKgqUoFlAAEozaq2IqCoKlALAqUSiLAAAgtyNMjbA2yNXFNM0qVQKlFlLVjONZpVGp3L3alWUUFUalRVpZQACg/OSyUsESyxAEgAWptJfRo8k68yUFlLmll1qaw6Rca0uJZE3ecXvvyWX2PJuX0eXrk80s1kCBABCgAAAAAtlIKWIsqoAAAoAVRq9EysDNGblVlOublLqUygQIuVqClAECAVSaUFTMozNDE3DM3lZKIoiiKIoAApQAgCAAoAIgKBAbx2Oa6JOsMTWQABYKloIAWCoKgoAKlAAAEAAogABC3NKFWC2CoNIN2aguTJaaeiJ3VaUFFlFg1ck2g1c2qgqCpT87VlkomdZSQsQAAV059E9F7rPFy3iaAENM0uspel56b1rnWerlq41jpTz59MXzu3MykEEBYsQAAAAKAACLZSCllACUAAKJVG5tNWZGUKgRVlg65skqKAiwk1FQi2WgIQVRQpBZEqUSwJCgkpcqJKIsACgUAQAAAggqUSiAoIoOmSdefQoM5uQAAACoLAqCoKgqC2UqggqQqCxCoLYWpQZS5BYNXOilWLAUKNbmpZnUSb16DPRVUFUlUFJVSW0zVFloACpT81c9IsvNbCyEQAAQu8U9HPnSanabaqdeXL0cmM6uqw3EyGNXOnSZ1hneuVuO2uNO7lpXLul8mfTwsyBKSAAAAACggC2WoIWUCgAgBVpqbRpBlABBVIgNXOqBGs9C8d4JKWCKlpYBS0KtMmUZoAubCBbAqUk1Ek1FgAFABCAABajUiAABUoAFOrntM6Q2xSZ1CAIKlUQqUAAAAAtgtgASwIKgqUqCoLmwBBRvNNwUCVRqdIWdFx13sVZRaURQpQoWVFKoCiKCiLD87qWWY6ZTAshAAFSkFF6aOXfh3nbUszvM1DNzbjSVcZsvK2VtL0k4PTzuOdSzSUXEXrxQgSAKIAAAAAAC2UgFlAAAFC1umhJlkQXUEBalgolzTQsAkBYWAUFlEsN3GkuJSgAgVAgBSKQsE2ObQypYSLAAACtJYS5AUAAAAoA6XnpDQzEBTLWQFAAqCgAAAWUAAtzSSwIKBZQBLABpSWilJbTOrYa31XHSpaUULZaWVKUFAKEUpYLYKACg+D1xzze3lZsIsAgUAEus9F1jeTHfn1z1UnVjpGcTry1xxq6m+c3i4us2adeVPU5dpOfL0yzyT08rnnNZszLCAgFgLAAAAAKAtliAUAoIoFaq7lRm4IRVlgKWAUEipRrNqpTM1CIKUApRNQypGoLnUCUlDKiKUVMuuzlvaxnY59Mc1zi5lCAAFgsUWFQACiKJQKJbow3DLQuudS53DILLTCly1CKEoiiKAAAFgqABAAWC2UASwWUupsi2JbRd9l5dtWIpZVJQWUtlS2WrZQUAWVAFlAoBYipT88tOebKgIAAAaJQ0xtem5rHdRq5YIauJrSXPHtyuM26vPNml69ee82gZsOfH08LnlLNSSxIABQiwAAAACrZYgFAAWlC9JpEuCRFCGpqsgKSKEpZqIClg0mkznplc1C2aFUijKiSgEAlUy6dK4b7VMXejldczeeWV6c0lRBmyIAAAFoEoigAoLYy61eWuujlrYxOgxdDjnvzTNiwujm3klmljdl5ug5OtOLvDg7Di7Q4t5SCgAAEsABoKICKAN6mpVvSHSaXWs6KClJVJVSLTLastCVDVxTVxTbNS2USyrc0qUiogPg4uKksCAAAC7z3GPRwOXXHfPW2J2qImdyxqUKGbzuMyLym5uXrqWKgAnl7+bWQszKSSwAWUBYsAQAKCLZSAoFlBRudLBCYuVEhZTawyqtISBVlIIFqCLrOqUJnrg53UNa503mClI1tOTvquO+lTF6U5a3zNvPg78sSWyFskLICIAiiABSiUCgu4w76XhvtTnrQy0IoiiLTLQzNU4c/VhOFSzbFLKGs2XRVKWLBESyQZZECKSTQzdKSiKJVhLAABWl6aXNWVd656N3NN656s3c6KVBRSqUWUFM53lOdmi20zbBcjVwN3FNM0qD89LmoCKIABXQz6uHoN+XpwNdeXTPbSXPUABcyzeYDeWcN6MbtZqVgAnKzng1kRICSiKAAVKIohUgALZSWUAULW6tRGLlUSLAUNpSJaIKBVGd5iKqW0byjUks1lTN3o5PRqvPvsTnrejnesrNxzj058uV78+SXWZDUzDeZIqAAAAAFFIolACp0i+hVKJKBRNQigCUCiNDLUOfH0w8l6c7ATSUu+epdwWRFkRIQRAoiiVQUiiLDUBKM0ItHVuUJVlLc6NWUus1Naxa6a56TdzatlBRQAZ1k52U66xpLZRKMzY5zrDlemTNQ+BLKgAEomp6DO+mMuObnS6z0FJrVlz3omgGN5slmkVk1cdGKViahLm5M+fWNZFsZ1kgIAAABRYsAQABZSLQsFdKaEYuFSyICgFLqCTUJZaFRYl3IqppJN6OV72uO+lTGtaMXYlxg9E8mF9WOCN5zF1Mw3nIsiLAAABQAACwWUALTLdMXdM+iblqljQy2M21MNjFoy0MtQllFQSiKM8+o8ufVyTnZarQWJZmwkuVkpI0XKhVJbYlBLTLdObpTk6jk6jnraFFFIoWUus01c1LYNaxqt75aTpcaq1RZRLCTUOYOms6KWyKAAAiA/NrqszsTjOmCBenq4dI359cSCtaDVxJvs4dJ06JZsJURKyubKNbVyJEqRdcJz1kLlQyCSwAUE1AVTSMKMrKBAKUJRWi7Wxm81QiSgUihVLASqjek53pTleoxvVszdUzdZNXjhfVnyyPTjjF6ZzDTA1JDUkKiAACFqCoAKAAUi0l1TF3o53tqPPrtTjrqXnrQWVWs2NFAFlFUy1CKJNQijLQgIohSc+kTjjvDi6ZrOpTGeuJcTQxdQoE0M2hbTNtllAAoAAWUqUAAWC2U1c00lS3NrWsU6a57Tdza0lKESw5A6azoqWqgqUECIA+H6uO9Z1y3yOXPpzmpZs1Ylmd6Tjd9FxO/I5zpgmpV6a4Wb7OMXrzhnV10Tj1tLIixg1yznWQuVlGbAQAhQCxSbblW2a5Z687MzWbIsQC2ULS9ZqxGCZsVKC6jDornelOd6ExdUjVM3URcZXs88PRngOucRdzMNzKNSCxFqCwACAAAAUlAoi0zd9DhfTqXzX004b6jF0WaaiVQVM56Q5qItIoXJdJSoNXFNAQABCoAEsBClTMFiyMrCY3DDUtmdxMLCgWF1rGoolAKIoCggUCygAFFlLZRZUoLZa1rGk3rGq3c6SpQQ551k63NNIXSEqCwABD4/o83Wr5t8SZbjPTe15TtyVvGx0mYcksubksgAAdOfc6Ms2yZXc5YuenMsCxZREAEAAUiips3omiyamdxOWembMTUslEunYz3x2s5Z9PJOGOkXOrSLTNolQ1eY6OUXtnlDpMQ3Mo1JF0yKgAAWUi0ysCiN2XndjDUMrLIoiiUFgpR2nollqUAUlAomlAFVDUMNQlBLDM3CKJYFhdXOgACSwAWCxAUsRIJZLFkQAEEoznYy3DLUJqDVJQCiKIqoqAAsAWUoFBQtlRZSpS6za3rnqzpcaNXNSoOedZOmsbWpQBYLBAUg+IgmNwduI755paizTMNSCkJBCCygsHfh2GWC5CUsAAEAEsABQAUdm5QmopYDOOkTjnri5zSrvnpOmueq7OUTcwXcwjUyNTIqQ0yWoLAAAAKWNWMXVXN1VxdQk1TDpU53pTm6xeU65TnOpOLvo8z1aPI9cPLPX5znZbLZ0O3RrOpaItMtQlUjQi2IqmhGbAFAhCwIRKlEsJUNs6UAQAQgBqVJmxRFZuRAILABQACjNoKiVSKIoiiKIsCqikFALYLZQChLZaqUus1N3Gq3c00hMZuTe8bW2UAAAAiw+CgqCoKgrNCEpAACWaqXciZ1lHTGqksIolCEKgAECUApSW2G3RVWajQzNSIKSjGO2E4zpiyCtXFTbA1IKgsARagoC2XLVMXVXF0I0XLdTnemo5XoXLdMXVMXQlUAAigUAFItM+X1+ZONl1l6PP65etllUC0y0iAAUFmrBlIFWVQEsSTUIFiwIQBrI2lEokoipcqKYRLGkQSwQUqIoiwUABSVQtrNtJbUy0MtUxNww3Fw1CWEoFlFBZQCpUqDSK1c01rFTpcWts0znWTW+Wzdxo0gqUWAQA//EAAL/2gAMAwEAAgADAAAAIdMOE/INhy88BFiqoICPIFmLJ9yUUabTEK0fdPIRReUWHPkLApl53Rfb3h6fqJZSXbXQsv8A+OtMd0DDxyDiyTXyW0088/s083Wk45GjyxQGhn1lMM9//PPMMc8//PP/APLDsiwCGoDP/qiyQA+8gxdlkNlQbjB9VpBIn7iUo8dl+js8sc4gwMCqAyBNPrNZxFhZh9z3zbrvPjJFswgH7jPhBTzPPDTzPPPltnOj9885xtxPT2yHPLzzzjDDDDDDzz3P+PHA0gYe+PzOwy7uk0tFgnLejMUf5AUP3aYrKzV1KX8w0cM4IUsqHAAyGFT6PRxBhxz3zjnn/L1psg4abbL3vLDDzzzzvLTzddfLNdjDTnfLyyiDDP8A05z3/wD/AP3/AP7zz1Dy6nhBA2yfwmkG3jmJAbTIOIj9egOuqjgrQSypfuk+IAMiqvODGn2mTgAoeZxuXQQX0i797wx2TPLqsx58z0888/zz/wA9PO/GD/8AjDzznOOeu+//AP8A/PPPMMMMc88sMPN9PNvr4a/fad6AS6ojDhP/AI8wofJseWmwGubs1vP67cCO+SiWCM8I2z5qNGu5HpRpldruCzL3HjNyS6XHnm7PzzzjDHPPT2OK1Jj++++//wC88sgzzz/3++8888//AP8A/wD7wyx6zx25rF8vhmDAxtuhDs9IMIo+laPsnigrfKa5KeCiqjuMqjiIOOOqjrDipggBkeb2668ww216Aghp9j5Gj8889/7w07y89732hjjjjjsssssogxjzzziggxz/AP8A/wD/AO28/wDDh95BnHc4EaODSw8aP8U4uLMZwySeGuBOZeGm+auS8wDmaQuqyiOqy2Cis/C/XbX77LDbzLgu/nnyamyPbzznPLzzTy+OPOwwwAAEO2O++++++zzzjDDT999j99xxnjnnvptBJ5pkoqafat5JZOOktnsEggKOuMzEeygS6KaOO+aOyiu6OWWemSqGeUYYsAvbzjbjbnYOP3PyanzPbzznPzz3zmOOXQwwwwsMACOf/wA85wwwwwwwwUccR0QVb3+3VedXAfWcOIEF+6AWy8354AQ5iPPKBnw+xrjtihqmijqppupqvtOohmvtoqhCLHP73DNEa/8APQ5vM/No7IfPPPNvPPPOY46KATzhyoIJLPPf/wD/AP8A/wD/APffaQQQXwXIcIy/cAQfJNWqtkloggLt2385gBz1iAMHKjUpAqksjglrrkigottgllomglivmoLOIDuG6LIJiMAcQk5w32psxz0873//AOfPY45/zziDb64488sMMMMPOMX33mUEEfdfh3wO2RSn1GDgpRjjLZqj5zwirJbMfhPqRgzheI74LABL7qYeuUMYi5rbKYrL4JxTjSYJDMAzcCyBBjyYqd9J7vN/PM/89Ofuc9rPLb444LLPPMe8888sEEFHEdX3/OPEzWnfNlSsdU3ZoPxBq4zhCVIIIQCSMLi5ObL0gXoLqbaipq6sO+cDjrL56ZL46qqoAIILz8xp3ctwCx4JLc/MMvNvP9sPf9s88rb8MMNf/wD3DDDT3/8A/wD+80003kkEd/PmQ0yJgnhA+cabcZbADBqTYP8AfOiNSPbvf4g3HdzSCKCiqSCrdVxH8iu3DnCmS+GmKIe2OKn84xRNn80KLLXGynSvbzDPzvPfDDzrBPCEg8M8lAKDDDTzzxx9xxfXzzP/AB4Ucdzp0bdWLok58BJLLHJJACTZEy6ILA9XNorO1ngjilrojzRUVwshm4/alqhhniqjjs06KWMz60/lJCp4w+psj28877zzy+8726mXNaszyh0wr/zzzzTTTTTYzz30/wDtnHHVfI4RyyhQ6rQDAgJaBKRzosN+A7id/evJYNfAr9K5bqLYEntKb/ve87peoqIq4yZKYCWDHutvTLdTQD8q7I9vONqdsd9PM/cb8xPY5DUm3kMPPPPH33nGOfOMe+td/k3s9+slrIoC76gRgRhxZ83uMs91hobK+Occ9KafixgpJe8cmP55rfE0nqrL76YroHAq6xdTuMP+hpSgYB3QDA5N+oT88Mtuduem4I9PtW1UVH88888kEEU1ls9/NPefPNuOow7BqzDSJYzgiTzDDHndM9+mxCigPuHQ0cWTBm1TrP3E31P4Yc2Vnder8/b5bpqr4TKE+Nv9TPuvuY+90rCwxASte/RmvdklbTwDc8OuvsNPPP8A99995ljzjDnLr7vPdRso4Eo08SOAcMAEUmVH33b3Y4QwUB0naVFN9EoEIuqdVh97GOjJR5X7OvXC+aqOWLiT4NmO7pHNl1k576PlkM8drT35NZtpG9+coyevP/PfPPPLRxhBFpHPP7f/ANzzfyeFKPFOMBLKGHIOGBLZzz60rLDAAJBNFMoBammsNKH1HhaZ77hv99eX7zx79sjurmt6xONdgpyiw76YZmsSaTDzaQdQOYcWWVtF/jt1y2ww0089/TTTecU9eeaecdZQJDKIOMHkMiFBJPMGDFB+5ixCGNPMPJJLLgpCPC/pDLLMBkw2Y3847aYb285QdljtfK11lZy9CosGnPeT7IZYcDxEIyDKJUbRWBAVd84w/wD88++888PHGUmXlgKdKClCa66QyyAjBgZogQRnTgoG9OAJSDgi5wDTyQxwQx4rnORzrq3PUEFsOM13kUfl20NbIs122We3ue6QhIXzl2SC4Y8xmEcghn/xmXChyHUkEEPPPNNPPvPPGVEmSK7oarRz5Y5QyABjizwjBiSQwA29eoIBwiSwABDzygDRRQxsOod9/wBKVJ51rX/59J5LFNRLiqu2S0YnDwEicoj8haBlp+ymRhA01ritMvJkgsZZJNFJBFftvPNdx3TFM4c6y+M8ghU5AcAkekkQM5oEwEMIP7iGZwAAEMQg0Igg/GpsgLr6A5Itp19F5bXVRN19dRl++0efi/vDLE52B+rJEQxZJ09qkxoNPy9lBr3KGs8tJxIgEVjnDBNN1n7tcY0amSOC7sriA8YIM5c0QwieuMixf/OQ0sckc4gIQEcpTXF0ASK89jWVbfdbBldJJF95hBxmevCu2ywv637Exurc1wxpF9+QwxYzXDpnnSCuWEcNpNpxNf8A2888xze2z0YbYI1srt50thAqwSBVJALNKHMOiQ099BDMGODLPLMOHOCAKPBCZc8Ny/8Av2n3W3nEEF0E3tJ+eqoZ7hLRHb744VjnuVf2Hq4/Nm573L/j31KxCAlH00EHEd80/wDzxdFZgs4ArqOSqLqOA6j5dN0MYcU8IQQtf7jYsgUQpTrgQA0Ic4g0wIVt+ynzPJNNxhxlRJ1F95jnvzDiiyqHQCNyE24AkTxVtTLqQkdOHAZn3DbuQsZ5IQ08MIV199hBFjbnQbkCsSWPTaK2UI80hv7IpE9EsgZ3vnrowAINSdcEEEIwYYcMM0VNEix7znBhJN1FVRN1hUJPLdfaPL37dWGokHE0VndR1/nUp/8Ar1H1DDiatuH3YJHc217kHQQRed2127mMDDDAABXTee6GPAe502jHZK3mHe05fBGPmgfVOHCGMMVAHKDBFVA0Uc28UdSRaVWZUUUILSQQwt4oEut6Hiu/XALix654cT/SPFyBFBqrjkB9PCNPPPPJPf8AM+MOPOdMe5xyCzyUFdfMCppQNewgWyzkjqjkv+gQhQPLGhCATRHXXiDSSy0nYXHKbtt1nWm2m2k3JS0OW8pteGo7sUaJ63cGzpfeftfWS+1UmGH9f/t7hGUlyjRDEsYrd8PvPcvuNNU3PMfOdv1el7rkMM2/niCxFefI5ryAyhnljDDAT2kEMHWymv8ATL/pWq7W5ddlttdpFsQhvtPDT/yeyPyeLZ2qlSCUeLfffAdu69kNznDHEkVZtY1VBDf9xNQ6+OfPf7zjTjPFFJFJvblNjvwUAEoUMf8A13sPMNPLJGzLMUcccccwcaVfAFzA0Wgl31xDUTSlobPEovVR157y8cE/uhlkBjSISGkJRPh4WngUPi13+TEEJHRSRQcZXTsUew6i0x3zkwz+9/38WT7+e802BZZXEV8zYyoCIFODBJyUPTWcYcfffSY9LDrVfYol6pk1aO8usLAGspZU+79I8W9QpzwODiUwdOrLV1OYDquM1JrosHPAAAPAQRXcRc1x59/xz267krpzfwtYWZXfGF44k7dDaw96XLFPPOnt756DAAdPIx/4f+mzZXYbTWvlrpuDZn0srPGkhkCNu22Ze++3O6flBND/AEdrt5fmKLyJY5II5rYtZyxjTHkst+/utcfM/cPOfvLa+UzprGW+cZ4fMtHTHdltxzJ65yBacqRj3QCABCgMEVIRFVVUN3WY46oK7rgp4rYAorIDDy8hXcqt/wDSzA+8mMHTXg8QEfPZ8mzqSzjPbnTy2WmaXjPTvj77XvbPXtN8NBsImuyrlf7qCbrmYvfKG+7zrXn/ABV7pescNIADMAAcVp47QRz1RTYsmoikmilvqtnrjpuEo6xH58o08Q/Qj4F0w9zA12npZKqszzjs8z6y7wJiJvx/8/y723897SVfdTNNNBktz6cFoik47OT6y9y/fdUw90rcwv7IBJqpPOHfXzRywxywTYQmntljjotjssnvslhDKQKNn24xy10i0Xawyx5G7cJOPBipggz28z25/wCPoYYeOvMMPfONf/sd0wwwBKeqrIJ7Kr5pfwXuk6oHmubS+b4CgABie9Y2VX2wuAT9v892PVWGarI5aoYL5qpaLqIoR9aNIq4zgl/Ugj8gQqkk0SSaIZ4K57789PM+/MdOdqLdPPc948ecN/vEwwwDL47zyobcepMLoWkI7IohwY/l/wA9B4BUmv8AkVVVfZW4ayf094d2EzavpvmtpttujuokjhjCfYw/gujucS+syrssdSKqvokotljsjjw87zy8z+wq3s88zjw7w0wTXfTS67umrgupyp+929xWbmtgotRfJ3+4kKbKUPDYS34xeT0lY8c603WUfXXlmhnhgvkpng1glthwofaPcjkZXVimADYR+39koongusjjjkt7y48++1ojwn+ti2w88jKQ84377iEPsi71gu9yWCXtuy8rl1Hw1/gggMcMsbdwqogyx20T47r388/6mbVhnnttnmusoigmhiVTvMs6iaYZALAe4Tj42mgowvulmogg09y08/8A8tpaqtYdLf7fPesWMcsrrmEMosT6MfPXlajaIvH++ib8ET/0JiIMMIPdf5wYP+ek2/M/Ie9OYbF1ba55a446rYaLAKBJKMyRffc+4d8/O/O/cpZ6Z4oYxo77468Pc8ssPbZKNrOZM5PesePtPNZc3/tOHQX/AHs3d/nCkLr1aCTX/NB+sU88/wDzxwwo4fBhsrx87y2H237SQHQugpmqhitihnkEkXdmdWab7gh4vxx9zw92qqvvvsmmgggg97w9/wCttp6uL7Oc5+0FUsufd9v4cyZoLrs9zfXnjryK7jAMMMNPyhhj37//AP8A6RQoXZWuofB+40hhnuYUEmVFrrstJIsmnmMGhaQUdGumlqohjomvqriLmivonsmhvvnjw9y0/wDuY4t9bPNYo+fvPc4/Yv757pLOsOPjXb4NJp9sZ/8AjDPDAYsaCf6y0889hqL95KWl1LDT/iCaqKM0gYW+2qWW6u+aQIGGpppOabD/ALw08/vvuoqrjrhrokpssstvg1+0+njjn8ln6xw4wzw57g4iglil6+89nb86uwPohRf/AO6o7ygATQMMIBbrLzwm+myG6r+eZKcMOLaLYKATpJ4rL457r7YaYYeAG87Pc8vPO888M888scMMMILb++scu9ts64I4oeLps9ftOt/Mcd8cc8ft+9PaDnz6m0TFmqT/APTiW+8AczhBCACCMO88qzpgL+NEeei3XG6u2SW++i6CCWaOSyOGK3TpddqLvLzzvPDzz7//AP8A/f8A/fvDf7HTbjm6S2me/wB3il3z18x47w/+z5275msziPYVvoVMPFBppH7wwjPJG+wgggggF/fdPIt/eJ6rbFqqi8+junitqnstjlv4ihprIgZm1fQapm9zyw0trjwwwwww889/4/553lqkulrzw80nry354x+x6z05ltg+xzgPWQ0jt4ZHI1bxe/8A8oJDz2MMIIIIIJL77zz5dF17rzkrqKfsBwra5YoIqZbI4aoZkfR1GWHWrYLe8Pe88NL7/wDPPPLDD3/Hr7/HTnXrLj3nvDH3bnbH7nzbL2aaT3uAZFwSaeZxx1JbVM/me+CMc4DDDCDCCCCqSe+84DeianXEC+SDfIso4QY+KSqm/BxayHXLxPhRDuS+LyvPTz/PDDz/AP8A/wDvDfn/AHwz7yw39234h2z5ug+77915tovkl/CNZZ7gspzncfTcW3/+onvvMHgwwwwwwz//AM9//wA8iTi+ppI0Nvn/AIbUKJEJJj6fdyd+ZXf6+ytffaPqktyw9jj087zwww08/wAevPP8tf8AGaCy+yam6Gzn3TDbGumWrGsB1pdCGSWSrPTjxNll/wC4gsoptowxywwzz/8A/wD/AP8A/wD+rHb3t4eaHH4PTsqueSyyFhdN9exx1VxhQdpVKSuKD/vKS3PLT+/PLH7jz/8Ay2+voElpmushujp9216ktAPk8fAVaeXusvms4x+ceVMfGM4zjgBLud/7/wD9/vPMMMPPfOMNOOfFaFEoyvBdYoak3nlWfe9G/wDdpJlQP9dU+C2uOCC2vLD2KC37jTz3PKe26S+2W6m+iamTvjK2nNZuLwRx1pbaObptJHfbHxe+o0ohCO++46+P/wC8hz+8889zz77wwww9fSCiQYzbD2y97dVkmw0/+bWZWTY8m0tOQPLgtvvriw9vwt6kssssgpJLvBlunohup2w/585/3r1ieGffQ+ykt32XGAE18+6PNqHSUTvvvhHt+8xupgg9zzywww08/wD/APrZEmD3+uMqppZpuqylpZNd2OWq2E94g4oAW8+KCS2+OCWKW+++68IowO0QamyqXHj32Dbb+wzPQcNdJU6aWt59dGfLJqkKRc0+81hA+yyG2ueuX7QIIUkQy2OPPLCDjDDFwyueCOc3yAlzOux1V73KusopUytzUBsCCy++uOKCSuCyi2OQkEIEYYmaOSL3Pu6Pz/nDyo9ZtJB0oaaH95tGtUhFbCNaH5Q/8dtfjGO6e/6HeWyApVM4MwgAAUgEPNJRcccwUiAAtOxJpvTijS64ht1QbSRmER88uCSy++++uS++uOEYAcEmwM4Cqr/jPHK+aeRs/PJx3vA8m+THDXtZ9+Vp+eJcvdl88QppDSWqDyGqIgo8tJB0YwIcwwQYMA4MscocskwDsJ3nui2Iiaagksf5q/Scdp08+uCCCCSy+CCSuME4MU4I4iCei+Tl3bHVMfPLDDFDW+C2O+aC2t049go1QXV4dXHLdNprf+++CAeUAG4QBf5hEsEUWCC2qoIU881YsA8HMzBkOM44syuAwU6RJYt81MQ8++KAAOCC2+6oMMMMQAc8AAEeiUswUgddvBxxzz2qS+OZFBJwASMctYgxpYLdQ9XMoFNv/wD/AP8A6k+SoU4wgyKx80Uoovfjf3Okg9sRkAEZvD5ov88ogGWJtSQn8X38V8IAC+++++uCCIQw4MogAA88sBR1tNJVfPNB/vJBBHeqCCJBZNMWCAc4zG+96LwXe8ZwsSXL/wD636ksDEGPLHMzmVKOFNYw/wB9u+qhgiCCRQgkJpD7jLYiE9qXzc8HK6hXzwwBDLb7zz7zwhgBygAAAFFD000kGAoIPUkPPP74r7733mR2oJCq4cF9fnoBYg0KLkTySILoIta4IBKRgjRzihTmyThq8NePu99hxRRAyCwhiZCST6esqIrCOO3zlyAHzzywABL7zixTxzgDy0wzzw000l5uPycoFGc8MML4LL57Y4kQySBY5nt84UkmZswOMuriKbb7ZgrOoIQxAyAjRn9vRgiIEg+9++9SjjziiBCjP/54FwxuPfp2eUSAIM4EBTzzw4DCRyTzTwoBDDCAAEUlbBbtWrIMMMPf64D6oL7FYwxxyXFt0Eg4vC8fZfy5ZvZwoZLDSyba4pbxwjBgThmnHQjBwRAMs+CxShSgTxSxXtmxSEEEXJTHkwhuWbGkEADLLLSzzTzyDDzywww1nU62c8pIb/8A/wDwwx/sgvgnVerPcbEKIBDBQMHjRuKjRugspnotvgBBGOv/AMufzKwiBJATGCQTQDjSwCQCQzyhSDTAFiyEkEEHF13nxlGiDrvo0wwDSABxwhygAAwww00HSjnlWsYPPfU0PP8A/wD6no8vGfMJMMMEQwOLGGFzpDIkLkljgGrgtuMsFklv70/osNvnJLGMAJGDEHOBPLFFIFur6yQb5pZUYcbY4APBwD5p8CgTUReTJPMEHPPMMMMLVeyl0iuQEJAMKOS853sisS/t/AKDJQQebVePBLCm4U15EqmoEIluogAjIgsns49zggsohmiNPLHPLGFKLFKCFECqzwVf05kurjGbyJJYI4qhBVt0TcDIABILDDDDPMITeWsCwdNU7+5JLzww/pnqsVo+LABNTeQYQcTRWSTOijiYcPhmEFjkrvvPAgkIIxw/ywgggknBJCDDABLHDGJPPMP4839Q/eVmqjxg/AOTCymiUVvvbFPMMJCEMAAAARVeKWbYIGDOMccf/wCM74LgsBZ/ShAXUDXmlVEm4SkGljOVA0SoLJyTrJYLziYLzDqNcO8NK44hqawyiI5gQyiBiCCleMW9cO68+f8AjrYyUlZwJTb9maB0MMM4kR1888swggA0IMtvf/NJBP8A4x/jMYjwuvLOBLCAPdLuqDEvDDHMYF14Kvk7pAFvsiMJPLDoLHjJ1zww+4TisuOtKBPMIKLCRP6w3eSQU+5X+z06m2lsvfsI/s0SQABPMICAAQFbCAMITbbQQ0//AOEf+8J7Qp374I+QBQiUb7DrIhLJL4hRzUxNyCrrfIxjb4IQzziTyjKDdGrcsM/7JIJJvMLaIAyzzw6sf/8A3/1RIbfPXbLxLrPGO/8A9/2aVPEPIDOKAQUdffQQdfeQQR/4w1/wjoPJPvvmyvGADaBtLqsAIAgPGOKBeaxCIltiiCGtoFf/AJYcQKY1EG5O8tPL6oYJM8fob77jzzItf8pPewAHMm7LnN8MKOtcMNt+FBTxizzzzSgAFX30kFX30EHf/kH3s6kk3KL/AKerqsIg9SY8x9NBFN4wBENJnI88USyAskEwuPCXKWe+ETwfn3/PDD95DDT/AKnsEKPPLKV//wAvPfEFN2/8f9p6Itudu+f3DBTzhTzzyzwEEX30EHX30EHX20P9bVCvILPRj9KyjCiTVUnFXnEU0lGWjCP+jikkqjQiQQwOOvf9+Z5Izb+9ff8APDDjDHCDj2IAAw8sprDjDDDBNfPKWzrWAIy+KwOqoUdU8II8888YBBU99BBx99NBN9lbGhsniA8QzbrsUck8IgM5J5VwY7TTjz3CXsSuK+Y8nP4gkO2Sj9HTfj7m+vjT/PLyzXrDjSCAAU8+qqHCAA+kYi+2WqOUgIEWSEw0dM8A08oY0851BR999hBV99hB/h9PhM/bBtjPDLgUIWOKW2cYECPf7u/vrX/rDfPNp6MUjHbL5UIYIEdr7DzjG+bLT/vDDvD/AKi4gAkEPhqgTwPPPKLGFKEvIE0SAECFB5hLNFNKEPPPfLHfffSQVfeQRe3dtHtlBrXf96+ysKMssjzjWQwwxwkn/gg14yx7ca9pKo63/wC2TNHy8uu0dOHjJ3e9u88MMNMKeoAAAL778/q7zz6wRTiRwjXf3ggAgOebzxRyAADz3jTjX32EBzyEllFEaQrRyovfOuuu/NRKYq4IQlusenHgIPS4KMtVl0PeUQaoLJMEMcuov8f8pbcigbvDQnesPu8gK4AARzjxb777zzyDAgBTgSw1CF1E6OJaQDRjAgBT2FyAX3kV3n3z3EXNjR1kbsOuPNd88sufNuNdOm4lN1W84rIDS0lUFUPkVBBjyCxvF2wOu/8A9rJLsuU/rVYK/LD/ADyligFPKMlvvPPPLHIIOEfZHELfc47x3twAABHGAEPNKAVcRffdfRPPY8VL1Th/m/z4BK/N+3+875+wYZebWWc96lMaCYQ33xZpxBDAELNXS319/wANP0vE8jcvVdhvsMdONLgATSx5LbzzzzzygTz4XT0n0vegsvb9MQDTwAAT3gB3gDHABSXyhtu17PPsOP8ATTMt/wC2ORsvsNCDmNPHKf0y00zJTMY6iJBXYKBNCAMc06y3/wA+bM+TDP764lqzcuOMsIgADzxqJTzzz7zyARzG533EEPcAzACQ9OxCAAzzgB3kEQ02iAzkFJB/m38uVwt8NiXWrdWyS0EhDGkEnSCPOsP/AOgM/HuMn7B8gEwwyozH3n7/AH0gmeyaWijv/T6Pw19y1yHPPEqFPvvvPPAFMbN/OQSe3NMBNCGH+tAOAMLHPTX/AGWSByUE9ONVmfsgm/vNcoCTy5012X3XzE2VBY48/wCuUoJIaO0y6v8A0XKJDebYfAV3+/Tap82MRMUN4uRN4www1+IkPkqqktvvPPPCM7oXJTd0mIPFPPEFwzQIFDFMIADIKKHYYUc41yWC7j316w8z1Ihnusnikpgg37//APe//rYi1NTQxIibqfkhzwAbJkyn34vZPetZrWQ9apppYr8McMMIL74Ky5DzzzAQBN4uAA2d92QxCgjyggFut0RiAADABxAAkMMEEP8Af/K+WfLfvJzznGOzzLyyie/z/wD/AONa6RxVf8gdRlAq5dc003ilkNl2EL1ULYxSYxs9PxW4sLesMMMwAz4qygAgADDw8ac8gz9WvXB4CAShQCG90WtzhjTzBgBkEEM8tP8AH/2miHrX/wDz3zwyw52zx61/7iB3792JFMdr76ZYeGu4+6ccTcxqLewxw6/xVyDSyUhtgVVek/www1vPnlPqgAAhtLYh+2IvuAe/8PmJGCACRdUbDCN0LDIGWwxzdywwktuitiswzyhihjgjChIMEvjmDHEH+xwAce2qUnJdWEj9bRXQVaE7R/ak078Pw/4V3C53ynEK/wDO8MNeoL5qqoIJ6YCO3xnQrooEEGwDQh4nc80xihD2NcUj9MMN0MeIIxzzDx+o4/8A8w0Ow++ooU4G6OQo8W8glBh30WamIteaWXxl9x1BKf8A4/olwmo9MxqhRqy8F9T6/wC/csNOoDyKqbDYbw8GCaADjb6gizxjRRD+NEnUVhPYVsC2sMNfsp57PW3WElw+p5OCTFHHEFDS03hoKSDFSzF/cytSiD6MEDo6sPu1W/t9CD7ALppxO0T3/KIAeN7sY+9+Pcsc9LwL7LbgSNewIByFFS7zyEQiQijzjU+ug1KLxJU/+sd4JLI3UfbqJKY8PK6g4rrb6L/nXHUYBhGnFXBsyFQiKv8AxQE6uPLVNJz7UwM8KWSnW9/5004M/wDTYnRu1/6ztj/4Pi/x6nuSVJ6gtIaKLmHjJINEJOg+Bxqid+AUb68//sLFU1i/81bSc2e2zj9wXNGU5ys98WQf1zz9k2lvqcmzxUCuv6T56942z7KsvvsLb1y05nUK2oCbqbP488w1vMu/vq6ltlP9Bn4riHIMGtMDleZ0JftH4KlFR7+86wwiFbfSxdWWV7T7+c52rH0SyaKYRc863edEQLMADLGNK5YxaOBnlKL6wwx5z8LCkONtIT1Sg1fPJCKR3eQYwzz/AGSQsMO/Y7h9zL8NMNKgnZwt6D24pMSOBVn9vMMIJ7zSgQBCAZTzAnG3mG2V3GlPiQrmTEAgTod/HmH3+RhACw/eg8zCpbIi7nFX2vvpfdwRYT0Ej0JtH5O8pz3GH8+Ndyfuwn9N+Z0SrssctKRUb6GxAxYZGnFW+MM4474AwjwB2u+amiZparKYpYrI4ppP8iTIrJVWeVrX3EGnknCCTgRM2xsBIc+n901mW/ukPqmCfJHZgkVLXk5KD2nEUPt9+aoUXX/9YU3RwoQwXpaN4NuRVtNapKI7rIJqYLCHZ2UyK5so99vbo56B3EUHFWVkyOPPwF0Gy0b7LIx7pVU1mED9fgHRtu9FdYc9/Ofwo/1CSV1YqLqANadZ2kEEktHF00T3rCVYKfnVu8cnACQ9Y477KmE0UKfuXrKK7Kjc9qYXlWcacNcsOvLDiHXW0XwmvJzQbN4YIeYZLLDIYnHE2XSPN+A1qO/kpoK5/IpHjXIEEOps9M+VHLH32U1EEE02U3gwrOBuwXhLovcrB7zC1QOoDUxn3zEfvv8A2Mt4lZ1pxbQ0QUoMA/rX/QwE5fj/ANolgXXXPLIJMotqvspsNWXRCHt6XI3fgzcDjjjipv8A4jar+fMOjYMGDGGQBeNl02NCD1MlGd/wkfOFGQwUIuiUAmvZ0jaoU3BoJDBo3imVHN/6I2H2gAVGqIvOdPlH7IfIVFzLLaILqIDx33l2DC0GmCjQtdQy8QoAjo4q6aL/xAApEAACAgEEAgMBAQADAQEBAAAAAQIREAMSIDBAUCExYBNBBCIycEJh/9oACAEBAAEHAuSw/Coa71jUXwPwEaf/AJJfeb4MRH7I/wDlcpPDgSXUsKTRD/kMU4y4OJsKF0uOHliGLgxDEMiPho/eJYQxH+4if6Pg/oj9Yf65Ya8Kh8K6HlCH9E14On/5JfeVxRE0/wDyuLZ9kY41IIku6GvJEdWEuFFFdNDjl4o/3KGIYhkR8NL7xLCGRP8AcRH9j4x/YJ+Gsy63mxMRONjXejT/APJL7zeZYRE0f/Cw8WXZGOZ/RPwI6sokdaL7bw0bRrCP9wxDIjEMiPDxp/eJZZEf3iI/sYh5WH+o2j5Jl4rvsssb70IonpklXciI+UsIif8AGf8A1rDGRXDU/wDIx+DGbRHUL7Lw1Y4n+ZYhiJCGRHh4h94llkR4iMeHlfq30Xi/QLhqadko1zo2m02m02ixXFEvvMTRntlhjZQuD+ivsn9+ChMixS76HEoYhiJCGIeHiP2IlwiPCHhDyv1bH6hC4M1VxooUSuyx5iJmlrJxHKyMef8A+mav34SExMTL7LFiiUcMRIQxZYhfeHwQ8IeX+tTxLii/JXRWFwZNWiS4xiUPmmWh9FkJUafzzlIX2av/AK8RMTEyy+m+W1EkIkIYssRH7w+CHhDwh/rUzcN+emXxXQ2Wan3wghL4zXB9qZpau0jJPi5EmP8A6ok/EssssssvnRXG8OBJCGLLER+8MR/uESwh5f8A8XQkVh51FmJpxw18lFDy+pcEzT1aITTwxkj6+Zyvx7LLLLLL50Vi82OmbKKNuWIj94Yh4RIQvseX/wDG5Mssn9DxpoX1h5eXzofBwxYmaerRHUTQ5m8//s535KLLLLLLLLLGxPLRtxebJG+i0yhiEIYhn+C+yQj/AEZ/mH+0XloSQ8rm8yY8aYs2X12SFhE5fHCyGpQpKSPiJKd+dZZZZZZZEXChwPlG7DHiMhxsrEfoeGbjcOYmf6PL9c/wyKGuqMbP5jXdfBFFFcJDxLOmJjfe8JD+B4o2sooTo3MssvzbLLLLLIyFM3Li1ZONFl4URwIyotMaI/WW808Jll4frn+GQmX0ohiXgLCxZZuyxrEsw8BvCR9YooXrEyxSFqFp5nijaz6xQ/gUxYf3j4P9GIooWH65/ga43iy+mEsSRXesJF8FmSGieER6nyZpw3MlDYuSfrLLLFJoWqb0xiihRw0NNG4bxFvFDx/oxYYsP1z/AAVDRWb7IMl4C6Lw3ieELwdGG2JqS3S9tZYpEZ8JEsw+uaP9GLD/AF6KGvARfau1vE3iOEX2s0Ibma0tsaxft0yOoKSeGP7HjT+sSlTN18HhTy/XP8FZfqmMZLEehcHln2zSioQNSW6XvLN5vG86eJxsos3ZaKIvD9c/wa4PgsV4VFFFYXKsseJYjyQ0hc5GhC2a0vin7+86WHhxNp8m7i/XP8ZfhrrQyxvDJYjxRfTTZpvYiTt5Xp0PyNLlQ4nyjcX69D/BVhFFFGw2DXi2WJl9Ly8TxHhRWPiiisPLIyovF+eubFhD8N8dLGoxTFNcGUUWX61D/CLFZZIrwr66y1mWJ4iUUIrKxeWsPC9PYxeXpfeNXKkLUNyHyv1aH+EsTwsMlh8UV4q4vDKJrEeFlliHl4seF4L8diy/I0/vGoVx3G72CH+G+RMUxyGy+d+IuqeI5XCJTKw8MeEhwa70PpWH0LgxZfkaf3iea5X65D/MVzQ11LjRNYWdxuLEaSw1Y45eER+x/wDkfcsPjWV3MXgLrh94n7dD/H14C6UNZWbJyWUU+CNDLRKAx4Qvs/wfiLk+ySFwfjw+xE/bof6BclyWdT64RIpOJqqpcNB/OLG8T0rJwa4L/wAkvvxFh8H1oeV4K6I/YiXt0P8ADLylysvnKaRKV8EaT+DX++Gm6ZF2uMlGSJ6JsZuI6iof34iy+5D6X0rC6I/YhjXtkUbSvzlddZc6JarfPRNdfGaEjSl8G4vLxSNbTTGmiy+5dD77yvBXQvsQz+mHRfs0LjZuLLLLLLLL9ovSUULDdE9Uvo0TUXxxTN4tQWobjcKReHBMlojg1wXUul+iXJ4QiX1wp4Q+Fl+rQsNl9y9tXesvk+hFktRIlNy6tJ/I/lD+8rhZuNwnm8ND0kODWF1IfFelXJ4RH6JDwiNH8rKoabKfJepR/hKd+AmbvYV4qyyuy6JapfXD7F8o1VT60y+NDgbWupcl2rCw/EXTD6GPKIMlG8fZPSGuCGLDzXo2/wAG+Vnx332yY59qI6qSJT3MpbexMT40OBRp6LmT0ZRK7n3NeQ+On9DHisRxJEPvGtD/AHKGJlD9NX4O83l+SsznQ5X32R+CWpfKhQbP5SKK4JiKz/McTSltPhmvp7ZdFcn1Li/vC8BdWmMYsxESI4n/AOR5RLG707/IUbR+DZPUG78NcEaWluFBIdGolxrEZH/Vm1Is/mhxojJxNaW7qortXBjwh964vjpfQx/YmWWJikWReJv4JfebL/dX4Up+DZeVlGmrZBbUamqoj/5A9azeKYnwoRuwmP5KJRJR6LL7lxawuh9C4vjpYl98LLLIs3En8D5rFekWmThXTRRRRRtNht9dfVXauC6JS8lGhE1NXaictw0VhMUiMxPNFYvFDRKJKPOjaV2rKxLCPgfJ9C4vKKZp4n98liyUuhLEUTj035K+8Squ2yzcy37KsrLRQutZWXxlPyLEyHyxf9YmrO2WV8ZrCZGZHUFiiisJlDRKBKNcKymWMfWuL4Pw2PCYmpIiqxP75Is3EnyoURYjNI1J/GLLy3i/KX3ibv4p9teqoo2m02ldKxfB9DxYuD4TkN+Vo/8Ao1dT/qWWbiyxPG3CkQ1CMk8UUUVhlGppjjzsvnWVhcnxXauDHmLoh8rGp98UXi+UYNipImJ4scuCfn73wornRXuF4ceLLHIb8tOhyvnZpStktK0OLixMhOjT1bF0PSs/iP8A45LScSEEyWgSVPm/DWUPojwY+GnKhzR/6kS0aXC+aQs6mL53+grlQx9Vl5WFljJP0q+GQ1CcFJEouLEyMjT1iMr6LLROmiM9shSR/wAiuKw+x9Lw+diZeWPKLEL4Iys1dH/X1rE3b/XbjePvTFwZOXpLLFTKIT/ycFJEoOIhM09VohNS4zImr9H9Wf1Zv+RaxKd82PkuLzRRRWX00fJZvNwx8YyLxF2jWh/uFwWVicvy9+VffEWWTdD9MmaczZZpya+Hpxkif/GHBoTITo09VS4SV4n/AOWSGy8LksPCNvwPC4PrfTFDihw5PFikbxa1RqMtxqRrknmxz/R2WWWXxssfhojiyUib9QjR1P8ANonWJQTNTSrEZmnrFlllmrMnLCg2KA+h4RY8Lg/EhmS6ViyXzlYeLN2aH0L9HRXiRy6H6lM0NS1iOGrNXTLIzNPWN45n9DUlbwkXh9Sw8Lgx9T6Y5ZLF5eUIp8UfFc30Lzl1OPB+soceujaOI/Bi8Ml5Vll8L4UUVxhLayDtCeZI1YUWKQtUeoby+9cVhDH4ceDGPkiLqSJQjKJJU6fF8n5yHzXSuFov1iw1yRRRQlmSK411xwyQ/Fvob4ISKKHy0NSvj+gtZG4bNQl9liZfN9DwuK4PK8Bcnmiijbj/AI+p/wDn/kL5JZvwV5q42Wbjczezeyy+Fllstnz5qQ+ay+d5WZcEssfSsSGPwrL7UsWbjcXwrET5PlMUzeSmSeFyWH1rguD6n0ri+Nlm7Gm6kartEvEXirqvsooorybLL4LD5rD6UyxZeGJFDK60WMkPwL710IULHGhoQpo+DcbhvKIK2TiksIrreFxXB9T6VxY+FDQlhfZqT+CXBezor0yysPpfVZYnh42m3Mh9SeGPusvwV0wnRJpjzuLLG8LCdDbeF2PmuD8NcmMWfs21E/3DHwWH2L0K9PRRRXCPUh83xWazeJEupYkPtvprqXUnhofJcVxZfJ8L5IY8Lm+lcmMWER/9I/5DWzojh9qK/GofSh8qGI2mw28L4seb5rEx+ChKI0bSsUzaNd9ZTPslHiuSFweEx+A/IYxYshInPc8V8ZeVh9K4Qf4Zc1h9KHzo2iWaH8F5sTwyXNIoYsS8JYSZtNpSLN2K7UXwTxJcFyQuD5LmuT8Oy+DGLKwiUkll5WH2xKH+EXKxNG9DmWWWbjcbjcbjcbiyy82LkyuKlhoceVm7CH9D8KK4McuF+HeKP5m2sLjHi+S41zY/CRXFjFlDRZfKIx8HHpisPzrNxZZuNxuLLLL6VEfh341MoYuL5WWLD50ysMl4KFmyT8a82JkZG1SJQpi4xEWXyXTfJ5XeuLGMXD/0iSp4XFM+SuFipj0+SES8BeFtNhtRtRSKR8HwfGLLLLLLLH0UymUymUymUyvCo2M/mz+ZsRtifHCjbxa4vKy1xQkSztslpji++PF+Wmachw3Eo1xj0ofQsrLyvAXFjzWNFo1v/WFhEsaZPkmRmShfFG55o29qHhdT4I3G43Fll9a4UUf9Tcjej+iP6I/oj+iP6I/pE3xN0S4n/UqJtibImyJ/NH8kfyP5H8j+bP5M/kfyR/NG1Zpm1mw2o2o+C10tFZo2lcHyjIfyfWUOCJQiS06K7I8XEflxdM05WjUjaHwXSulZWX4aw2bnZFo/6koxJ0IbxH7NTCG8JYTo/wDQ1Q+UJk43yRFpDdmnDeP/AIxKO111RHhdT4LwUUf9Tebn3Wbmbmb2b2b2bpFyPnn8Fo3o/oj+p/U/ozezcy+qiistFYY+SEMrCaQ5o3I3RG4jrsUuM10LwEWWWaepRGSkjVjmhYrmsVzWVl+GsNG0+TczfI+z/wArKJ/QuC+sNmmS6ISJQsSRtgfyTHpNZRCW0hq7j/kQ/wB6ojwu+y+uijafBfTRtZsZsZtZT5UURURKJS4uSQ9U/ozezcy+mu28NDw+dlktQ3s3MsvwFITzIfNeJZpatEna5LpfUsvqeGLkuDHiCJWxprFm7imPEeqMyWNxvfGEqJOUz+ciumI8LsoorFdfwXzo2M/kz+SNkSlx+B0bT+Y4PF4sWoxaotU3osbJdVGxi0zYuuy83hlPplPxrLESH5CR8DzCYh4vEXzXZHLyubynm8IXBjKEiMaNV2+hYhGx/C8OxTZp6iZrQtFcHwiSwvJvNFG1mxn8z+ZsRS42bkOZvZ8lFcKHBDgyuG5i1Gf1NyPg2I/mj+aP5o/mj+aNiNqK5WWJ5bNxuLwsVh4aHws+CT8hESXnIiy+C630Lixc3wXBcWbbKEibqI+e0ooXbfQiPwR1Eamxm15fBDwvCopm1mxmxn82fyP5I/mjYjaiuVm5D1D+jN0imbSiunchuzabHxs3MWqLUQpcNyHqI/qf0YpMXGzcbhjyhYooaGh8mx+REQ/PXFdNFdz6Hh4XBcdo/hCxrS/zprFfHbHnAscjcKZcWbBxfBDwuiimbGfzkfzZ/I/kfyRsRtRSK6rNyN6P6G9n/Ypm02ldW5G83svNllJjhysUmLVZ/Vm9l8ICzefkWHmihcJD4uXRRXg6aGMfkpG1DWFyXF4orD4rwX0R4IcqJSsi/k/w1PvqUsf5h9N5TKKKzEsb4KbP6CipD0RxaEPCxtZ/Nn8z+Z/NG1FI+M2WWWWWWbjcbjcbjcbi2fJTNptNpXZZvN5b6LNxY0NdsMvKRRtHlCXFjHwcuaiKCNqHEcSu5EI/BLEvJiWSZ9kY81wfF+M8rinw/wAJP5zuJ/fS8RlRutDfFLoReWiulSaFrM3pm1Eo4TRuRvRuRuRfGiuFFFFFFFeFZuR/Q3st96lhrrRHL5SwkULDZuNw2Xh4b5UJFiEhxHJDfdpx+SiQomp41G02vHyKLYoV1WPK4PgvBeVxQsRVk3S4uI11r6NptyllvC4p8KzRXC+ClQ5t5ss3G43n9Bap/Q3ovjZfhWb0f0N7NzPkooorwE8PqREXKyyTzZZuLyyyxsb40bcx02xRUSWvFE9Vy7aKFE04UihrGq/nxkhIo2opC8BZfBdD6X0rC+DVfKhwKfFKyGlGiUIm1Zk8JZb6YSocos2m02lZfhWbhTFqG4vhuL6rNyP6I/obpH/Ypm02lFehREXNj5WWWXmT4pFYWkz/AKRJa45t90NKxaJ/FH8hLDNSVIfjRQu1dy6H0vgh8LNOP+k3b6XFGw2G1CL4tMoqhvCXXuaFqi1IiSZKKHworwbFMUi+FifG0b0f0N0j5ZtNhS9QiIizcWXwlwfNvjQkKA5QiS1mNt9+nGyEaRGNn8TYbRjNWVvxkhLqayhcV4LH0Pgh8ErZ9InPuQ4VmisNEnhLD66wpNG7DXjpikXwsWob0PUZcmUzaV61EeNm43FlDWW+TfChRFCh6kYktVvwtAUSHwyyZaJmrMfz4qILoWayhdb6FwfQ+C46aNT6G+5Mcue0rL5LpT8mxMviivJssvxoREqHNLmix9DfBRFFIepFEtRvxNBkWWKZKRZqTpE5W/GihKuhIeESWbL6UPK6X2LhFWxGo/jwkRR8Dy8vkumvLTL4p8b7LLNxuN5uLL8eiOmWoj1C+ccvkx4UBQSHqJDm340XRHVP6CmbxzNSfXRXVFWRhXQsPMsrmsrDwul4XQ+Wmsaku6uMZG4fJi4rnXnJl8VLFl8LLLLNxuN5uNxuLL8pEdMqMR6hfSiyx8pMoUUOaQ5t8aKNrNptKKK7VI3m8/oOY+dEdGTP4JDUEbom9FotHwfBSNp/MWkR0Yi2LorLxY3ldbH4j5JWyKJfRP770iihrF82LiuNehsssvFikWWWbjcbjcWWX6COk2KMYjmNt9dll8rxuSHJ8VE2G0rpoorurhQoEYxQ9VIlqyfVbEpCiyMepc11sfU+C5PlprGo/gfao2fzHi+CXJi50V+RjptigojmOTfi2N8VEUemiiiiiy+1IWnZLQY4UbRRLHLsiKMhRfF8LFh8l1vrfBC4viiKxrPtjp2KNDGMsTKElWaFpMlCsMXDaxR/JJWRgkb0hyb6aKKKKKHzb4qIo86K4to3F9yIogsasVhvu0oC60JjH4L630vKxBCxq/fSiyrI6fCRVn8Sh5jp2KCWNVjwjazYUvyaRdFvwaKzJll8FEUCuFcXi0bs33xICY5mpMvuivkivji+m+S6Kyx9csLoeV8sisM1OqMbIxrjJFFSoeErIxy2N2UbBKv1jY3xUBLrcxyeb8FCZvJTL74EZi7K5PnXJ9THhdenHhq9CRHTEuTWN3wNfIonwhSReJMr8lXmNknwUSMetzQ5N4svuWHmzcWX3oibSPWsPmhdLHwXJoawumT+SCti4aq5xg2Rgl0tFHwiWqJykxOkbi/yVYvusvsZJ8IxEupzG28WX4CN45Flll+DFGn9jFyfGPCiuKfS8VlZWWNFC6GV8kI0uM1ZJcFGyOmJdTaHMfybV+USxeaK6bL75PNEYixRRRWKw5l3iy/UxQhdFcEX1LxGWX0Mis2J4ZKFj0j+bI6ZGFFcrNyN6P6G5/mLzRXTuL6VG+cnlISylxdIlqIcm8WX6qKERQu1F80ihdD7GMXQyKxJkpMjJkdTh8Fo3o3n9DebjcX+doUSuiy8UbR81E+FykxvCQllLjLUSJTbxZfrEJsguh9qF1Pxlmb+cUOSQtY/sz+jNxZf6FIUSuhyLwlYoYbG+SXNslK8JCwkLhKdDm3m/WoUSMRdD50VxXW8LL5Pmueqf0Hqllm4ssssssv84oiiVz3G4vhGRuJTHxoornN5WFmzcS1Mt+visQXU+KWXwWV0Mrqfbvo1dRF8LLLLNxZZZZZZeL/KKIoFcrHI3dF4orFFG0rnJjwsLFljdDk8Nl+wiiJHwnleQ+lY3I1Z9dlm43G43G4ssssv8elYoFcnIcy+xSLwsWWWWXlknhZs3Y3Zb9ihEF4Fll8I4XjPpRL6JzL8CyzcbjcbjcbjcWWX+BvojAS47hzN3hWWXz1JYSzebw2X7KKEQ+u981hC8V9Nmrq/435Flm43G43m83G43Fl/gEiMc2bkOZu8qsydD+RFYvhY37RMh8i8OisVleK+iepR/RjfobLLNxuNxuNxZfuURLNx/Q3F+XWHLE3eb437ZGkvKj4r5WT1Bv1lllll+2svlfj1ixvEn0N+3iiKpddd68V8Wyc//hG1lYfNv26NJeWvJbJz/wDg6L6r8J+WutGmvjuvqfiMvLzZOf8A8Kv8DD7I+rsebzZKZRsH+Pv91AXY+1eC+F8JkYWOhy+B/jr/AAV+50xdj7rF0WXhcXixcJEISaJf9Rv8XZeb/Av166kQ+xdj8pcZDwhM3LDNPWpVqyv8TZf/AMBiQfx4a8NcGNjwuL/EX/8ABEab8NdK6lwkPok/wll//CIMXhLvfBcJfQ8vi/wV+osv9HB+K+bLLLLLLwsWWWN9E3+Asv0lcLL/AEsWLvsT5vCw+u+pv3tl+ossv0d/hYPwLEyy+D7P84LFcFif17uy/SUVwbLL/Srii+t5fQ+Tyh8lxrDJv3N+kooorFjkX4VFZb6rL/DrkpifG83xfJPyZe3v0NFFFFFFZchyL8Zsb5LTkz+I/j8UuTP9ELsfc8/BQ+SHlJsaom/ylFFFFFFFFYscxyL8dyG+NCIss1V+QkxfYum+heIuFEI0jWiS+/x1FFFFG02m02lFFZcx6huL8exy40VlM3Eh/j5kfsWXiy8WPgxDWF1IrnVm3Ci2LTNptEa847R+wvzaKKKNptKKK4Nj1BzG/Jci+dDxZZZL8fIjhs/pyfNvC8KCJEYCVDLG6HNmpL19+ZRRRRtNpRXGxzQ9Qcy/Kb5KJSzLhY/x7I4myyL+Ouy8WWX0oWaNpGAkViyTHIsbG/W35dFFFFFFcrHMeoPUN3lWbi+CWfkrMvyscSdvEPoeLL5PnRWVErK4oWWOQ54sm/w9FFFFc7LHMeoORfluRfFC4Xlvk/x6H9Zhh4XKuFCibcIksKWUbeSzJjfCf46yyzcOY5l+ZY5cV1S/KrDxHDwumsXhkR4R8FEYjxRWFlsbvgx/i7LLLNxuNxfmuRfKOaykVlor8osSwmJj5MWKzeEbRRJYiiisvgsyfGX4u8WbjcX51l9EU26cNpGhvK4UOP5RYeYYoSP5mwfxiJRRtGsRjYoiWJlCL4NiysS5an4uyy/QX1aLjFXO274Jm7i4lflZYixFF0J4YoiRQlhooiLLGISy8oorGp9cp/ibLL9ZCVCaaGispNijyaGvyksIi/gvCLyuDKIoWLGMS4oZHLdE5Xyn9/h7L9fGLkUoo3l5TRuLxfBorgo2Tj+PeIiKKwsLjWbLHIWXxWJSobGWXwl9/t4MeLLF8lFFDL4tFZ0yUSca/Eri8JCFisroY8R5UxRKJOhvhR8m43fuIui7KKEhcJYssTy1nT+yicCUa/ELklhCLF2SEhLhRtzKVDfQ/wBjXRZuLE8uRZLhYstY0/vDROBKH4dclhCxDlXJrplKiUsXm8sf7Cy+dcIlljEiXKxPFGl98JwJQK/CrpQkLsbErK5N0SlfF/vYjRWFijbiXNMTxpLi4EoDX4Rc1mD67xtK56k+hv8ACUUN+moorhXVux8ZTQ5Fj6EI0/rk4k9McGvwa6oMXQ5Fm0ro1JV0XwSJe+SKw35999FdViGy8Il0IRpyFyaJQJQ/BLkuCIvjedol0ydIk7fN8IxH7ujaMUS0iy/Nrwoo2EtM29KGIoRN9CLIsg+iUPwS64PLkW2JMorr1Zca5JHwkP5KGvb0KOaHLzqK413RIm0npkocEUbSjabCOnhvrRpyF+JXXFieNpXbN0hvjZY8pZUShokvabSkWXixy86sXyrtRGRGWJRJwKzZuFIs3H9Ddh9SIkfxK7IeBqvqSIQRqbcLM17JRKXGy/NoovxUIiWbkTkhlFcEMWZdaNN/iV2QfeyXUvg3vMWWNkpevoUClwb9BWL74JM2I/mShXGzezfItl9MEJYfZpP8SuyP2Lu1H8cb4rCg2OFZsY/XIReWxvz0ihvwUKbFNEmh96FFHwix4fSsQ+yP4hdiIPu1HyeURi2R0kj6JOyrKUUP2PyUNocuNFYooooooorwUsN+GvCs3m5i7okPr8rB9rJffTBEFSxOWIk5Yef5/A/VJG0tIcuNFZrFc7L7UsX4VeOhIf12o0/ysfsXYx8Hx0licqErZKNYedrxvJeooUTchyfCiuqzcbi+6hIsb768mjaKFYk+1Gk/ysRdkvoeb4o0l8DH8shE1BEsuXq7LzRXVZuL8FLDfGMWz+Mj+UhxrlXekbSiutfA5lj6Vx0hflELsl9D4PhE0/omyKt41PsiS+xv3Flll+FQkWN8tGcTciUlRN5orurMe1PFEUT7tP7F+URZHrl9Dy+MSMqG7IfZaGrYlRPm/XWWX4yjhy6EWbu+jaUUUUV3pixPu0/sX5RYg+tkvvL4x4ISKJKxrk/VWWX5CQlhy8ejabfHTET7tP7F4EIfBOFL8GsRfZqL5wx8Y8ExTRPWQ9Qb9ZZfmKJQ2N9FdlG02leXFku1Gn9i74oRqv8ABrCIv469TDHxjxbG/UWX6FRxKRfh7TaV6CS7dP7F3w+yzUfzz042Sh76D62iSofNM3G43fi4xxKXhJCiKPokS7dL78CECXwh89JEhr3sRdc0PNfkKFHEpeHH0z7NHvgvkRqy5xQvoeGveIg/jptD1EPVG/Eor3qRGOJS8RemfWjS79JDJv556a4MfuFhFmm+Fm9D1UPXHqyNxfb/AJ+GSEsSl1V7Cx9aNP674WTlSHzgPLH7hFl4i/k/oh6qHqsc2X1t+G/cpCWG+lRKH7yP2R+u6EbPhGrLosss3Dl+HXFvxH7hCjhsb5pCjh+nssssvKw+3TXyLu0iTG/n8a/OfuEiMcNjfNRzfpLLLLL8bRXfps1H0osv8Eh9t9VYofu0Rjhsk+SiVlv0Nlm4vx1lIgvjvQ3f41D8d8n7iMcyfGhLFl+dZuNxuL81GmrfTtNptNhsNhsNptNptK/TP3FEY5k+KWLL8uyzcbiy/RaK/wB6l1NfkUPrT4rg/bxjmUud+bZfpYogqXhUbRRom/xS5rOylfe8P2qIxzJ/i9GPVQ+KRsKKWJsf4q+awvsnO0JWSjXgP2sY5bG/xUUQVLqvikKI8tk5dsNP4HpDgyvwS4QdM1Jbn11xftIxy2N+pooo2iifzY1XfXbpLwEWUfOJS7YL5I/WHBMloktMr8AswhZL78F+zjHLY36VQNh/M2G02m0oojWJ/wDp9yH2Igq8BYsbJT7tFcdWS/ArN9FcF7iMeEn32X4sfs/zjeFmWp8eZpxF3UJcJz79JcJzobxHTbHpjXvb/DRjwlL0yN5vN5vNxuNxvN5vG+iiiivAiiPckJYrGpMfYlZsIx+SKpZlOiTvGnpiRRLTHD3lfhYrNjfgUUV41llll4vvocSjaPrRGPckJYrGpqDfbpUSao00N0f1HqDd4hCxLhKJKBXtUV+ISxZY34KRtNhsNhtK9W+vTjworjZZeEhRKzqTG+5MTsVJE58Eaa+OTVkoDXtEJEvBv2qxZZfhRYiiihwHAcSvRWWWLLfSsRjYl1UUViuE50N34O58dPT6GicBr2KEL7xPilY1XNKzaNr3F+KiMhcaHE2G0orvooooruUhSxPqSsjGvClKiUr8bT0+polEa9ghEV8m0nxTHzjqUOV/jFwjM3F86NptNpRRtKKKKKKKxRXiKQ3fSiEfClKiUu6jaUVwUbIafY0TiP2CNBfNrT/3X+/yC6lxtimbjebiy/YQj4TZKV965wFIvsaJx9gjQ+h/EDUdyfVX4Zddl87NxuNxuNxuLLL9RCAvBciUu9c0WWWbjcX1SRJevRpS2mprWh9Sa2j/AD9llm43G43G43Fllll+ZCAvCvybNxuNwmbjcWXzmh+uQhvLF+aXkWWWWX4b4ohAS9emWWWWWWXxkiXrUua8yv1r4wgJelrqorNllm43G83m4vGovWJdCHn/ADD8eivVUPFFfgEQh6VIjFDSJLso2lcLLNwpm8n6tLpWUPzaK9NF4WX7t5SsjD00RDJdt4o2m028LL9Ull/kVl+4XGMbIxr08DTgqNTbFEnffuLztNg4v1aWW/x9FcX69dK4RhYl5NifdF0f3ZKblhKzYbUNYorosssvg4DgV6ddq4qNko7fArD9ch8X69dCWaIw8xLwo5Y1wrqss3F4lEfuFOiUm+tcb9jfvkrEvMS8JC6K51ys3DmP0q9E5UX7Ne5rC+RQ9C+2ELJxSELjZZZfKMTYOBXq1l9S8RDl4aQ1WKK8++b9koCVeeoNi00iW1D7U6JOxC4MUBquKzF4ocRxK9Qll9a9NtFEVEvk2FIl9+gXtaI6YopeheoObfcsMS5bh/JWK4ojmhxHEr0q9lQoFLNYcyx+XRWKK9euNEYCj6V914XF8KGPjDk4jX5OmKDFBZo+DchzLy/JorFFFFDXTRRRRRRRRRRRXlLNCiJeliS8BC5pFYeKKzHnP0a6EPxlhddG1i0zYj4xtNpaHMvy6NpsNpRXKhrjRXOihDRRRRRXkIoSF4FFFFcL8BD7IxNhKOIri8LhRKkWXhC5yfol0xHlIffXC+pRZsNqztZtRaQ9Qc2X5W0UDYV2UOPKvTJeRQ+Vll+NEskIXNcLJZoXOb9Ell84j8FYfVtZ/M2FLFM2m1DcUPVHqMvjfiqIoG0rwKHEryqK7l5TwsUUUVwsvwUQixw+CZHqsvhRQlybJu/QrriPwVzo2s/mbClj5NjFA+EPUih6o9Rl8LL8eMbK8VxHH1CXlPCFyoorhZfYon0R1Yonq3hdnxiuiycvRLL6EPp/znZeaNpsNiKWPk2s2FI3RQ9VD1WOTfGy/JjGxLx2iUeafnUJeW8LrooorqSsUSh8l2WLmxv0KWX5VCgbDailimbTaUjdFD1UPVY5svNll+XQokVXlOI1yXi0UUUbTabTaJe2jEokPK7rwuF4ZKV+hS8rabDYbVw2m0+DfE/qh6rHNl8bL8miiiiiiK8xxHHtrroor068CuUF8ixKWV23lc5S9Cll+HRtNptXCmbTaf8AU3xQ9Ueozc+Fl+ZRRRRRtNptK85jiVi8vpr2K76NjNg+ECxyHzsT5XxS5Sn4ddyXdfCjabTaVmiiikWkf0R/Uc2Xmyy/Noo2mw2Gw2G0r0VFG02lYrFFFe0eF3acLKjE3Ik7HwXFFcUWXiyyxZS42Sl4SKw12JCXZRtNptK40Vi0jej+hvZufGy/Mo2mwWmbDYbUVyor1lezeF3RdI22NDHyo2jiRgMZXCyyy8xiVychvwqK4PqSEst8KKNptNpXGiij4NyN5vZuZfCy/OUWLTNiNqK7XmivLX4B4XdERMbHhIoooRuEsS64rlY5+IlxfRQoCihrDzRXGiisfBuRvN5uL8iu+ECvCrlX5h4XdGVH9CTHhRFEoY8JYchvriXizcOXipc3yWLF8lEkUUUUUVm0bjebiy+N91FcKKKK8CEfBr9C8LwHhCaNxvLxZuLfdZZfjIiuh9CZvZuzZuNxuLL8SiiiuFFdlG02m0rjBfH7J4XmvoYsPx6Ix6aH0349FdNFFFG02lG02m02mw2Gw2I2lG02kuGnG3+zeF6ZeRQl10NcrL8SiuVFFFFFFFFeFPhpeyfm0UVivQPC9FXmJdtDXi0UVxoooooooryJ8NL6/KV578D/xAAC/9oADAMBAAIAAwAAABDcqs7yLzl225KKOgPMPAvlsT77TiwQjgYQKpVCPJb6ZS7z65SiO98+3wPCE5ANv/Yrau5DF7YcZTG1MaboZBEhd/ekDxwIR4N4kWaiGQD+hUuYjAxzAwgDAU0HGzxDwjWcXqNfCldt5RA0lh8k4xwfbQ7poQQh1knQQf8AjrhzcwRMeYhf/DsPMDa+koiLhhNa+SOKoN2CF+Msz7mR5lVnPc8VsQgQAQ8S3MfI9841Lb+oe3j28s8gARx9hxBxNd5BvthTtvKsWzxwjQtQDVoQNiGHk193zue08VgNwYdaI0Npsc5Z5R1rkwoilGsrMRhhSjg84JqOFCYqv/C4xFZZtJRxFM8OiaicffA0Hfc8QW2m/PTyyO+RlNRxxx5xxhFNi8PkcSO0jhhUZbtUBTH0Q5BdwqsA7FbjdLzAi4eBNWvhlbvjBt1PkK2+ceqqQ57Fjn8HgUe2hjQTfQcVlJVVhFNNxJAyWmOiXsEiuCy+W/Pbvzyywzt9hBxwgGe+6ywNxB37UY8pHShAraAgGrlWGpyaaOHtvFnt/DBr27Xx0a/DD7DvvVJFLguICGtCk+KDZuwfhMiKFTWwQ4NhdodVR99tPqGeubHbKzkzzzzyy2ODDyuOCya22++++CAAA0sRR33xp94KVsAc225olpxTuRsS2pN6j1pOaP36O5+PqJrT3Brz7lNplDHh7KbS68/DncUScea+pZhsOa3sVq8VB99Zyuyim6Cagy3LzjDDD/8A/wA8NPLf6448sPbjwwAFX2/i08Hf/vVWkaYKAJ8UN/8A2hcQKSTwP8YiuanDntNw5xvD5dejPVjzrvj/AKyQy5BDwJOESkIWEgSb3D4w6ALFEaUfaXuhnol8w7K/PPDDSQ+w8888/wD/ACwwkMMETDDdDDPPlF9xjjdr3PFGntmvwaMssL309OONL7x+S0GE5RnpZBV27PrvPnj3DvPf9vb/AE7JnnWHcgqdEsjm7P06+AKVRaQc4fhisgqw15OMPNPJDAV85jkMJAAQQQcYU7zz5b+9+fV21691K45zulnmew7OqMqshVdot/8A8NR/Fa73V1uX3UHVtsutc8d2tsvo4eJ4zDSIH6lANChoI+ytev0xRRkEENerIJYCtM9lzpbCStPe85xjDDDHH3Hf/wDr/wC43Q3uxudc7qzzkg2ONBOPKJd0htvjwf8A5BeG+8T0MSnXWX2Ge8tsmH+sstv8v+NaoPbwRQwfrKWiIyIUDjTeudGjxUn2MMGIIYKztf8AYI05hLznPOeCQwx99Nd7DDHPDTlZVmfiVLyOjfXuWEOaS8o8QLNNFTvfZtLafLH6g2a9w8rH5p598w6OP4vXXrD5AySsAE0OOQQtdGxSWuS2Y2LRkEZ9NRz9yGCO0qWrMPLzDfzHKOOasMMNJTz/ALz5Y88aeQ7q15eT2qSQy1CMWn2DP1aQK6xyJazpr9uegXxc0lkRWb0YUcGFOkSTwX6SUW2yxtvGp0yOWc06ZlWkiHJAQURUfaQT5UishKAu28MtvqhntggMLCAEcdbTzzz5289RZZ1h/srryggScDL8nMwojf10ntsx/PwvnoseEXC1ir8dfeWUbLguhMc4fODCZRTcUcmCt7RzfeR1k1nclHea4CDdJaQc6fZPuMMhoPzRNxETYWbgAMNLTTTz8zy2eLDPFJe5yVeHZ87ymNN9Yln7xy5zUbKJc2sXv9iND2/EqtcXVXQf0NonnL+x2oHkcbfY4lrompPktEhvukv8SlHfbSPFFaRQSYfPOYRorK2lmnj97hLWocABDTzzzzy1XDGIAIX/AP8ALtcoGUuaWYU2tZ/hZlPN5UEI6JMWgH+EX3Epc1Ex1bV9J2msv5MEwQTT6jHWH+0+JV+o+s+yOJoNCqWnw00Vt9Rcpp1lNcUYj+ekZNja/wDYMdDDDT885z2bTGJIEcef87WXbY1MBGgPBtf7w8y2LJ6AFID3KFxGTfbjzzLOEf30LNGtCe+5DohvQf4SVKjgUCfyn9uoStNmkgjObGEvhPUYLsRRebaKPbwTRjECzw48/DDDDW8853z/AExkwREEkVXWgbgpjaY5ChLbsUG1mzewwTJgO5rWpiAOwJC0Gwj2tR76ZoRdXiL+TxCtCwhQ35EkM83CbkUozPkueFHlJlGoJ4akm37eFk+vMVUV4zZPGnCwwwFf/wDz3DYMYwMIxlhMDXWCDiuuvM4COB9//gLR0Qauj+Z69Y1JFmMgILixy+xmaKa47bszvpsAdkUV1FTJBaUDlpVJJU7RBceARamoMKyfpgEPLLnVAjnhx3jGq8MINc85jPbzHzkMM0A0YtPB/IILXarKzr3TxdRhWTZa2KrNxz7/AH6X3f7SjdTJiAuTKZkpJL/zMG+9KpABBVUWRbdg+8rUlu8a+54bWmHKsXqRlfz+/wBtc92qhztNa5qhXmUV3jM88/e/SN/M8t9vERir4Jqog5xNcud8Ou8ynwMYk3HW8cesJJcfRY/SVbxA65kZA4QT4DOP+DAxPsmU1Lbh5Z5deflOCUGCHzOQwJzTeE53FmF2eHyCFewQx1HU02WUzzEcNe/tMwqMIzWn455JKqYZM/w1PfvrOO5OvZ28mX88GP8AL2IA1NxpMGcgc0CuLiWug+YnZSuZLnbIZpgs4ZujFrV+AuZ4GYejRldq/wDEO6ACT/DSVEGu3yw89TTTZZTdDPf1581BkktihLWrovUx/wD/ALzG6X3v3duZZwX39hw6S+yl1x1+KDRXRBpgNzAzgC+ek0ITpdHND7DYxds0R76sDCThUFX2jPwM0vjSajNUFCv+siRAgkRx1PbDHPRnlMCS+AZbSQhbvf8ADABEZK70V3Xc8f1jyz9RvF5n++Ecs9R3bTcrKmDV6Klz8W4MWwWSPqvPb/d267yy7Qc1BcdE7AiMwjaiQgzbBLJZjlj9We+37BlS2u2CKQa/HDj0dccri+3YZ+Ccb69qlk3rHa77yy9NQYz3XabaNnis7eZ1lpxyhzwy4zDM7n3IBzN28aw1eMul86Tc6732/wAnCmhlkRN4EByHIzvpUBWXDh0LNEbYBU8Gb0Z4T5uvOt+O0kn0wzU+V1WMtNCVg6b8GNSU97R1jEU8VXOO9pIRyYHff65Z4OLs+454pZLqeCjf1DOGsTK2MeNX3tPvMDeSinBRUEdGyRoaLeg4JSbBweBxX2c/4cbfbSbSZou/c/PM+V08zyw9u877hARVg66ZmAiEMpjTBO6ElcGH9rOTwI3965IZz3L4J4uy4ghBHBjzcB8GEb4IObuVmFPNOVwxgTFVE8JnCSPQtHH+L1iB6RWed0Rm1R3n4iSSJfcK5rI4oNcMNrIbgC2RYHJaWcqilfO0FFvjboGy26/E17TbJake3zPGbD45qGemuxAQVA20HIl/sXWFW+3WFXMuCcyQLBXyz7OwVuVHLXBvZFkwNRfn+sXse8WAYkvAHNXEwbYaMJ//ALK7lR4Zkj/SOeiSbv36K9zCA+uynpwpmnDZEu4ZRtv6qTNieOC1wZ1pNpN6iICVrTsMNrvZNBZPNwG6mmAlQHlYINPjTYdhyQT3nHXgf/HCsh/3w9tdQJ2hp5ANNcm/YEIaiCVtZNs6wQE8/wBzWc/9La6nqcRF5xMckIVCjYeaTE68kN8joBNLXXUx/sDcodpJ10aeVeUfQ6clN3GtGUOmSNuFE4x0b6X/ADvEHZUBU8P+XedyDCQfJOe0SgjJuhsOpSEnWvp670MUEtRximcKxhVArZAJAnXvUzqOve0HEHDDAhU1nygAJBTHQl4IwQNYotZH1fmEkV+lzjGx4ljATyOIQ9/T/NTHAzqxEL3sdithgT8AnXp2Js+up8/MDAO/8qSDxX2nzo5bH0VEuNvrGwTpAGsvWENEDaZsl3XHW10bC8ywwxjAPFFCA2YYMwNLL+/9QWWX6K1CRf5+fXZmwFAAHfedLv34cZ8Zsfv2PLOZdhwOuozda4ZN/wDzHbvrY7bl1wV7D6zsaeqqEwaaaNgycg/e2kr10CsoP9FdtZFpm0l8MQgUMBQBhzpura2PWcLcWfNAL+q4Qo+urfBg5dNvYaAacGKs+3Ajm6ewAYfA0vaTU4c+CXDKC6P/AN0z47VYe8636mkk71/uAkyvaMMOddQI+rPUmMtrLQWTQW2+gERvbTKfYsg3FmBHFmUVTbrrqPsARk4nvHOl11EsNamTa2+O3Vo9Cw51FgLxF8nhdbaAGMjuno4Jr+zgz6ZWYdbYYdV1ljvtv27kBX2fngrh+wsCvCZeLjDeb4y+bT0N1LSxbYUfaXvPEHfJAHG0BRtloQPgqOslomEq9kAJiUwyp6igrpqWNaLy1lWRmSzrBe3OVMg58z0zdIWRQHRQSTeYbQQomvsBPXKFfZz6WNPuLT8Nj5JZA57yhqppvkKnFDQERU//ANkHwUmh40Q5ckuUYKqDL4Li4rLo14J7j3dwV85/N7DyvXyd7ELUWFEDKAdwhnnL4P8AX/dFyFXQRdNkJhv66iWc8oQgh5JJzfc8UV7T7/Ku7cO8FEz7Xpq2zUnt2Bf7Q4vTJMMjAbjPLr1XtO5p4W66EO6oK+Nk+oyvcUz6Ga779l5X1KFKlFZo3DSW4cwMPXr/AB6u+wfPbdXJjno9gkog9z3PcQSU2pxz820w9/Xt59f7vmWb2oLZ91TczChtSIjHADcg2DVXp9X1S2VCrgjggohhKpi8WXsHcmb29+alTlXJgcIYuKKoxzRWcEOMMMQ5313922gfKJ4ghsp/sh+zigLVZXTw4zTHx+Aj7O7p5UhDpnMC48/kdMIV4jG/bOfHHMB8AowfY6U6Lb4jcY11zqqriklHbKhMzQflliPKUbhr4rWLNo0cZbbVSDKPADc34/8At9PpUBioIL/7Yv5rDyASx6IPc6I68aZJJTBWoHxTCzMnGvVqZuWAjI+87Ets+ziIj+2OX/N2XmNNVlWv9eeOabZ+x6oLahX1xw7tkAjIueMp6CDhGHlFgRSC4IKIufl9/aIPeTBLcfqkuIP1w7Lqx4fAD4t4fZLBgoqmjhtYbbgtOJau8flRGMzQtyjS+Z43xs8SVXPu+a0NbG2I5t0AAp5ZDDTk6v6OhwX+O7purTrkDhXGly33kxRDDGXkmU1fr4detWYo8qZsIZITorIevk38cXnzPe3dKFjCwJ1KHQ6rgX6DNnOIINYr8WNl8/cp8fcVz+/sa6GMpIbqIXnnC6AlO2BW6fGfwiywUwyCgigjyUUWnmXhYADDACVFk0tr4d+c8zutqxLaoIbIaLetEd4kw+YFUq8tC0yY8p95FJa7CytU3FX744Z44CYvgoSftNdlqnc+WFIsOa6KaGHYz7gE+RWxtBh6ZhEECFAwyTAywE31Uk1wATDCBEm3EvOnL+OKxYabS9iSxZIqOsN4UNURzAXk2VpFzQsvFqLF7oJIlUHXANb776hBaKHLF1Za3l2BRgCHFSYtCZp7o98l4bXvekW6l1/F2AvnVlUEU31W90VEEUXWzTDRw1F0m8erMrLPgNZTTZbo7ZrfbRCWEEae18050qmY2FJAdnaLbK4l0Ef+Ic8knHzTAguuUXVF2V/8gCS6awhYAIL7ikF3GGUsNUfBis1bNdO9O88IIIawTAQyHWHESwwxjwGn6Y9J8Nn1iIl0rbqZZAlHAw0r6+87IwZNfZcvUHZNTyu9MFWlEn77PGsc8HEgWpBtFm8fqhc/Fyw7K7ixLo5YjSEXk1nlF+LmZTqd8/sf+M88M888scPMNLYhG2knmmYYc/Muc7FBPuWraufMQq8kVZsIKpnjPYRr1ykJvwsAJKKsMHHE5zT+nf8AxzBFrbiIp92awEYBhQi2KRFyOLOaCM8q0dNZJoawe7dfnbPfjPTHPHDzzz73/fvHjaa2qqrbznfbWnWkPDF9WenFBPee6u2DnFgPYZqiZHdxvVrykOCXxxFOG/vf7X9qAQJ1jd3ispqUoU0jl09R9oxgeqIuSrs9tA0abSMgTyQOLbHL3uamNzz3/wD/AM+8rbYbIL8euM/PLLqZ4o9+eEHntm1OY+uNZqSQMZWOKJfDPWYZQaxD4v8Atfoe+7f/AH8z7wwwXf65m2cC42AMFfUq6LTaeapGcgnliGK6BFrQHO+XMG78w4z87ss9zzzy08itmrnhhqllniv5VV0+0w6eWSfFfU3c0zvTA8GSKujpYTXSYyTsGZ/w3RRfrvj/ALvf/wDXvjDB5/ZBajP8Awo5ZW3XL3ns2G6sLVta2UAQy1IB0Ek0bOjPnPzPT/PTjzznGmiaiauwjHJ1h1Q59Vc4dR1FAOzTfjNtOLYx3y+mXytlx9FDUAFfjiwIL+88++++yCKyiGF9j2cytItZQB9pDfqHDFTovxdzKcJhDgotHs8D/U4s/LzKGPlfvPTz/vPXaOe6umcBsEwgEUo4YYRtR6o8jDSemE/UKtpuJLmaPHjv4YW88EbzHfTTe+62+2yyCGue+e+/qGXL8Pau0FKNhqkUEYoa9OvCCxX3XuGy+AdiIskI1RjaubHLvC3PLzL+COLxV0YaAsoogwYc0Ncw2f6MwaIbtw4pV+O9Bivf/RpQPGjPMevLB1DEKASOOuKe7PODy2yiCGm2wU1toSR6RU6mBG3Xe8wMyU1LPetvnBdL9QIgMQ0Yhbx6I0LThh7F5wIsk8E4oo4Mggs9LUB+rxtWAfcMZpjG1wXfSYoCWKdwibV6xv8AwpGg9juNSHiwgwRfdX0zjjnmMGxqVX1pB7TVyeuRZOIOJ0QaQVc1jpnEv07ECEMLGceP8CaLPPLAPKj2djIKBJOHLYZanF4gkxun/wBSHXct73jkd+qDDfO60skPYoI3+MOCtjrZtOvPIb7rW00lnM880oDMjsMxzurihpLHHXIpYLG5aZ6l6JNwQtenbxjCwrAxDgijDDDTIPM/RKYDwSjllmxvcabNF/QTkBUmj7JXoMsY9yvEr67xcv386AUM8+btOMcLq1UhV1nOfv7KYMKcFPz/AEEMQYFQMnKslZC15LnV57rejfOGg2vBxNQ0sMIwskUcs4AebvrLuL44UMdnibPXyGS+JwAwc4xIMzPk7vjfdM+UGgxRSArs/q4uQnOmPO7OvL/yrTWg8BZ151d16w0s9fTrm8m1dxOwQCP8Fu3vCSLuiVYHEG3+sAsMAQgwsswwkYbvTnftWWacEdraauCuOtJZG6FsLDEAzrG05YZkUOZtj2kE3pQLTXwgITXdIjbP5BdGqezGoEbnDOHR95l5BdNb2CmOUV3BgUM64YwVJJcDuD+dJ+b39sA08wkMURwgd7X/AEzzxw5XIMFNU4WQR2R7288xU6hlmnnw1ahu54hK8ge58H9Z82EqC3PXY7zd0Vf4NosNt2KIvpBEEEOh8SUcES1inkMS4P1ajSSKq4b0jDcT/Cj5w0cSQgjQNCMdZ2yx+wz410/+9ca/0JwWEJ9Tff3+qjEjlSVzh3wP4VhL6qiAUg/tQsIUA1PPLB2Vx8eMQiuxdgJlkjue3c2wHzzMfLYn/E9V5GkdhdYXUv6+GZZ8qKty9/QccPfbQcfx52704/8A8POdK5qazDw+O3FO9kFFOarLLkO8JIAR6C0aVLVQXwoWdHEsJttzyhhc90XWxD7cl15zbb5dGd8u6PxrnVnlvc/zsSAvcxy/b2RwSiiOTrCrPc9O8whT/wC83nP/APx60708pr8DHYWdMst2Wfz38vmksscTeU9PLFxzkN/EntYqWS8agk+//mUwl2+0Z6bUWx5M09wnJiIUVy7rtcrQacSbQiUpIgp4VOUDXoWKJiiziPgw8708rFaxxz9Vm/17jz88zjOMTlrARStbC98w9lljgon65G2rsHsuB887AMVg9x1pEA0URS2+Q4lwxXfVZegA/HMjpiA6nYby7Wv0SREeep5rxIeij+IMJO/N1hA8b9v6w08zczmy3775yd7zz2ccNNUjpLWSMgw98y8plFuvgZr5elDORR4W+doRTTHOj8AO9E3aafSUX9+913WWVcDTEQy2LKkqqmSfYjsBQXZYVcXIB935juh6fgnwktCifYes8zSDP84w75/z084wwQFAa8lvvyOt/wD/APDHbGSOWF6MGTVtGQcggsh45ybkmbE3VRcwdxdtAEVdTyIkmBfh51jJSDWMimWzq2G+OpdhxRVVtgb3miUpH7+rHaOFTwSs+GPLLnT37zDDLDD/AP8A/wCqIgaMo9qiTX74MSDPL/8AooZ9rS+rlhilxfsMCef7Iwpdy1gDIubUeRfjKu5wsHj3zW85faaiECOIhkhumo44Wex7rtAP/aQZWCXITpI72Hxr4w8eHunlSw36884zyww2HP4EZ2FKy6kjpZFr25tk0n2P81qhN9w316ykJNZ6ItOtDelFotKXaecrCliyzHNs71z36+7fFJbXqnyooOWWcRW4slFPwIlnsvKSpGbsW5pleBN3PF9889x/zzxyc6VMGNntzUyzeTRpXjx/3orJOI92QMqhz8w+298+/wDvy/hrT+fq7JIyUQXP2j/7zWbK+rYNPf8A/FNBltoNtpxJtNB5l2ey+0H+xLL76D4EDzbgtj47ebwnrzvNbThDzxziIg58cGXPuHFM9ND/AJ8ngWKPuz6qis4fOSccrksZwpl2Ckai75KkP27PEclRW+sNB7oa2rk7zya6yTXQjxZHMVTWWYImpLnlhBKOEimk29z7Cs4w40s/G36x+8/usccaVU4vnV+0EkthCVc/423kqXLF1jYhJjjmpr+YT57V/wD/ADBhdj/4knSHioU0NNZFZ/45zRzc4CK6gPbfNHxRVpNJ9tgNCyic4MUzoLFNZJhWZNvPTMwUXd07zzfxhjz89oRZt9MAssU+uWeg7H/2mx7119UC8s8auhpzJtLg0R9bXTKQxS6UAjYyqcMQ5xBFJRl39qtkgmCK3zTTnmOzjbhNVpxPSm+y6+wUn0l5VCR0hDD0Uz3/AIgFF+x/YTWaQHLCEPAPCEOAJGlolqvxtoencUfA17cNqyje9ac13/S/2x1bPVKtvNIIIJ4DI7HqZ1gb+5AxlOUBms/6x09spp589xaYc4goN7igeSSBTldqaAl2tZccR/uNVVyZffbfaUfKANCPKPPAHCluHRe1tCMTXl4//j+DJFMb0+tjghjhzcg4kUOrjgsAdSY7479hwq44ixV9msZyIggvOAgtnD2zbVQQbVAggtjumKJSzCiuk2x2OllgjrLmfz+a4UfSfRPOAPAPCMPAFCVLMw2oNpj9guONiwfNOEOXvsqtttvAGcZFXjWthy1EsTlmovnopLns/wBIg/qZ3U2M4KIIZOZ7PX300W0Tr576JLzAIhPeb69zR+tvEcOqHz/8ssEX331TymBwDwxTwxzBSFMIQnl8R1yZ6aUFXFVk2Ddq7PrbbJlYx1D27hSADVwVEZLCgDr9mjRiizd/ylGnGTPJapJpu/EUkF8PvLsEH+V2cdevt+1YbxtOaUbOksPf+vHX3jQiwBTyAChDyBwMH1+ymMxmoq9vbG1ip/vvsX1QMpPeJe2mkGX23nu+hBZHmU2DfFuuyAIQnRgX9Q1m1E4K4D7sp8Fe2wK8NS4H3nGmERXHs3pEvBWHp7VjEEcf+sX33z0uAQzwjyjzgTyaG7kcC5ZkENe74MGkM/8ACDcUzX/z+shUAVttxNbfFsv8tDpNIly4prQA/skfwJ7pRV9yqCCSDGPAU8+WS2e/H95DN90wmNUjsfA0Bft9IrDEpBDXR851HIE8gVldgIEQoi1/SbivLDL5PyyZnjHn/wAcITU2cXPLSrGDTPh3seR8jMMJMUKnAKLGbYYeeYbB0hpp5XiuriU8ydOYGAe/709bXYbZDKopBq5q+/5LeDMsy5rNWacICXeBOCBOPPYEBK9iDPuu83klim0vgjlqiottpmbOxXYDFFyoko0W7a1cf2+rquZ3WlZJqEuPM16jxrzAhK9gvji49/aQKDy07SUfbXYXYF8yrrlz+VUbaDaq05zzXbRdVfKEGAEOADWcJ5Sn1jkxi91qDJ8fvjultsmkUytlKYW6aKyJKwydTaZ6gawz+9wj8UeFKPLDxAzgfs0t60TihkohxfeCJI732YQAPfaLFNllt7xxRtITfAcUirgideXJfYGVTCddeAUd9bqwB3u4/opmavFKiQzk8eRQ6UdSePlI7bZ9BL1ZPkOKGyz5713MYOGWQdKeIcfr/vHNHstZooih9adAPZ8/eTDH/PYcSA/Uwy3wVckZo2oedjFdeQRfZOABTCEZ8QGCmyLRJhhGZktsN/jFbznyEs70riwfDZvqwYVC9nWZEN94LY204do8BBBRQeHyfpnKNtFbCYjiTltiqpYQFb2ff/8A8T30HW8ZSQ/8O0C10U3jaEyzmW31GHwxLST+fPhg6d/SxLJ2i45Y4OgwzpFFDBjzWqAHwY8J/iTKvjNgi9CA+Njm9/BBShpMGEEJbXR16tGnygd9rV4IJaoV+xOf+tPe9333jBwVeTvOkiFWFd33fVnsYjHl0lGHWUE3RRBDKKaT24PLoGoIZLEcsct9b7pY8q6pAJqkkhh9ytOvGicWa+C2MMcYTQaMMR3HCQzwTReoA7TtiQnkZb7/AKCX/ZnR9tc0I6Y6scw7RlLkJVCI922rRdvWZRBxRV1ZdoiCABDzSKiSHm/imZOOqLHCWSfrTbuCPdFNoULHUb7VCvSLsCHioI8JKCavbf8AI5cAdi7hbf8A7+BF3yVW8LbH3FfdGkAgkRTiCvTECAO82uA9FqaPTRdne+W6hUU1U13iEAI4tGf/AKLTbqV7z3PTDP19E0IMEVdka9R1NqXTE6z5cQ6jBjzrAEMYLUQ3t9tQ4spSoZfQFRD5q+ERJsKSrBD2prrFN/7pDnhN23KofUUwDdu+AUjTTdQQC9WZ9NgmjL4G3JAcc4jbHOpf6Ec6gMC0u2C0MgiHvGhRBVIQLIc6wFOXmr0Uw8UgPLrtDUVbbsAuNfegD/kJ+HZ5xZIEqX+Cn/v/AP4x8AJ/ByK0zha0VfZbFGzVcwiiqDxQ42BiwhkCl3LMrz11gqz7rQjmnRsAPs616CDN/wA8AKPByCInxBSR5kG4+UySRgD0ammhgEzh+5+jtm9A4uEdmGkWXf8AuX9FfX3NPTQs2kfeQI2GICKNxJ5+NFXTj3qlzbEx8V/j+6gAkE60Ag+2EXJrbnec+6evbqC3t4f7YGqgVZFBI6WofwzYW7zPAIieRA6oOgYAAy1TFVx8bVYWjkpazhl17yvB/DHLR0IgbjxmXj8mxh7WFFR46e/ZlACrdVB8TLX7uQR1OZTSoynoqBrLiStVl5WLdYYIZDfIAgMXVhwHT45LAB3IwTnVpACXPfu60sM0+A3QWpEiFzC9QcpIDpgsyOdH2u6DTXSVmrWyTSA+pnc80i8O46cFfvzpJcpL3jPcz38LK0MRqWeMqb1zEayA43RsGzTwEArfz3wjgIQ8EvbwbgYl7t79rbttjpwMAF2dV+tLsEk0nQUw4E9ZxBoa46vfSjvnkkAPenbasGEDV8mBjih2rdYBob4SC3PdtMCKgQf3DLCUeMMGEgtf1LnZc9jPwQUu+XeTu+THbLSlYNM3bkoWQdiSj1lhF/kesPpOh33+cf8Aw891a50yfMcR+EETjqu5wINI/gCIM6szkCTVIqS1DMxyCMtw8YMIA56Q0sj0RVPH+qp0z59SQsxQdP0CZPBAbGPgvJFS6Y21oT276YmJPDNGUCOAtzHhbr6f8QFjc7jzFdRLYqqwEBMAkrt9hEGP+1m1CsEC0O6Vlv13H8FqNRc3eRCDvDw+1L5jroFiX8QyitsIR+zcWkGh6/zwRimBeSvMNlIHDUTVSiaBosvE4SeeXaED5wcdOD3/AI37YqV0bBFa2Jp4aywFHfKZydwhc2FT0PCJtlpuIpVMzcvZZBG2UzzqpQuVnK11Gkmco9+U1e3N47K67hBhGes+YVL0Dbo7LZCbpkDBBg4n4TukF+RG15fdssXLBOUXTvnQh7RnLpUuY56oJArPkSdchT9uClNsiC1fAY1taKLDwJmAXMsKPXGFXxdnzn2KL7Ui23SxE2TPdhgnByA3ei+vky3EMSBmPf3NrU3z5btmro5gA08dC77buzGe/lU1VwGW5bwqW+474LKYJpD1M6iz1Wa1gCCsdy0T5CMNCzrGGXgaHAZ1TzX+cBsepLzTq0OOE8Zo3iSRqIeRroNsIHsVmARBBhestdY54Rk2wWfRPRuVhSkWLDLLbzXyzZgq1GuKkrfAvKr8uyGvdCJ87zsUmftBsBx68w0BL3tBTBN0KsmlqL9E2pq+BsgRjq4+LA2HzxfOxSHPIwbmuXfBKVwLIaI5PsiyE8s2wQ1VT1Jpk4zoVPxA4xJKL7z/xAAnEQACAgICAgMAAwEAAwAAAAAAAQIRECAwQBJQAyExQVFgEwQUMv/aAAgBAgEBPwDDWFwrhg+Fj4WLhorCeGiugvRUV16xe7Qlwp0KV4WzeVv/ABw2J4rWude6fUtoi7WW6PIs8tIrVZa4bFLNFYvFcq670rFdqs11KIZk944orV8dikXloReK41136FYddB6p/eJMeFrEWzfMmKRY3ivTLvLgXQSxL94I5bRZY3z1i8IWKGuJe6ZWiHzx/cPgQxy7CZeGUNcC90n1Y/uGt0JDfaX+G/C+miOHukSY+7etDWLwv8dBjw9EI/EPvrevfXxPgj+4eyH+egQs2X/gazXMv3DR4sURQHGsRw1yrprDzf8AiXwRV48StHESxLlXSQsPvWeSPIssssv1tCiLCHsiRWy7SxRXak6PJ5plMp6L0iy9FESrV8Nd1CFm80JdaSFErehL07yo6LL4qKGq0vroWyxIWb/wVCQo1yUeOtCGPtLCHhaNCVYaHiyy/fpVxsSxeK2a7KFhD0WrHhiwuRkX69FVyMQ3xNFFFdVCyyiihLNixRRJCRXOnrfRvW9746Eq7dEoquldF4QsWWIorDytJLC94l1/3S6RZKX1osvjZR9iYniimLR4S1eF7lvK6i1ookxy66sQhIf6LZaMfCxP0d86FzPytVpWVlljYx9dYujzfAtXwsX6Laiis11X0V2LHl9hYoqhcj3eifbfFZfHFdpjY+wsvdcTy9Y+lrjXafaWFiV2ksvK1eljy8PsvhoooQ+VcbfMx4fYWF1Xj7sSYllZtF4vmoorjrlTaPMtPdMvoSXZSKyhqsvS9Xh4vMhFarD5aKRSKRRRT/sp4ssvNMorlYkeJ4HiJbV0Zfg8PoLaxMbIiY3o+CsPKwxb3w1pZZZetFYSW14TEWPCwxaJV3Hh9BcKWzwtbzKVH6MsokL857LL0pcVFPSitbwsPNCXaooby+xEWjHY2IWki2mRnZZK2yKpFI8UUMWKKKK9I1hZeErEtGxcK5LExyRKV5fWSJMToTvZ0Kni8smrFKiMxCejiKJRRRXQrtpWJcll4XG2SfbSH9LRTaF8iP8ApE8rH5Yi0i70ePk/8byl5eTTHD54/js/9mUP/tEPmU0mJifRr0FNiVZoReHqxDSEPjb2XUWEvok91+Ep0fJ8zZBtOyM7ReXmiUFL9Q4eP4fHbQvYISxXGyxzIvkk9lh9Nfo/pbpYatHy/B8r+T9+iEaSICy9KPFCXsUhYsssssvC1o8UVokMvVtJDfbiib3WZxtiiULWivW3skJYsvet0iiiy9lGz5NmLD6SQiX7olZ4iiUNFHiUeOFiivaJYsvgS4Fhvgc0kN3wvooSxL90iiuBIr2l4jHDe1o+2JcV8LJPtpZmiihQEvfxX84vFZspsUUiuox7300hISsrFCWKKK9nZZejeUsXo2j7Yo9ZknxLD5ViKxQvcXhlNsUay2XhfYlSGLDL/hCj/ZXXfGughe5vheYqvvFYbKbEq7DG+2he2vmWlij2mPtwj/gHpQs/oo12324w9/fClfdn2oxF76+FLC7kuskVhfuEv8RXdmuslisJf4ehfXekvrtJZXtr9bRNU+RckV7Sy/YpYmrQ1vRRXBW0V9evrNl7WWXvRRXoFo0OKY1W9FFbXslb9hY30L4F6B4nEarpXiIvTVvZfNY5EXb5b77Jrive8Iivr1dl8tFYbLxD99bJFbWWXwMsh9sXqbL5kstjzD9F6pDw82WXwrDx8S9O2eRfNRWWMeYieb9Q8SY2yxsvd6PMFS9LZfQrVjGihoiIXrJIeHl8CVkolCI/i9rW7GihpEdU9HzvrMaw+KKsSw0meCF7i9HY2y2UyH4VrZfqJrjSsr3V72hqyhsh+evkvrNbpCWraQnYu9aRbYlXNYuRoaZ4lUL8LLw/Vsap8MVq3RdsixdtySPJst/iFErlsuxLkY5Fo8kN2RX17D5FwRVvVuhytjZ5EJWuy5ItsaFFsSrmsqxKuakOCPBDSQvYTVrghrN3hq0KBH6F1nIbbEKJXMy7FHgorgZKQvti2XqmSVPeP5pJll4WIST6rZf9Ci3+iilmsUVwuRTYl0mND/Rex+RbrSbzEQnZCKT6jPG/0SS3svduhty/BRxXSZIS+/ZSVoey0l+5T+xYTF2L43NCTYl1Whn85WHx36P5FT2Qsy/WMRQrEmKIl6FtIlJsjD+9F1a6CXo/kVraDFmcHYvjkxfEKCRXo5SSR9yYopdl7PnbE+9JWhqnohRYkLFemlKj7kyMa9EuWWF3WTi7PCTF8bF8aFFL+PVSlSPuTIxSWld5i4Fq1Z4pd9ooXq5SSHcmQhXonwsXpmLkrvSlQ22yEfRsWvkeZ5Ms8meQn7J9yUkkNtshH+WLo30mLgrCtiw/YPtykkN2yELEvVLN4UdmxzYvk/stP/CSkkNtsjGxLoLHizwZ4CgOA+R8V4it5vC+yKpHkr/wUpUhttkY2JV0o/okUv7Pr+y4/wBnlEm0+a9rzGP87qqPkdypHiyMUiU/4WIzYnfo67kpUO2KFijXUtlsvhvmYiMeFQp4k6HmMqFK+0h7LF9psq2KIlwrNFFdGtnxRV8cpJDbZekXQnfZj+D2sb7dFctl9l8KViSW60cEx/GzxesZUJ32F+D9rZeLLXQsvhXO4pj+L+hwazBi7S/wiw2PivC43KjzZF2suCH8ZBNPrJYfSr2zfMtkvrV/Y0RaReGxNdZLL0X+Db5WkJcE5UeT/sjMcxSP0ZFiZ9McP6LaE76a4UP3zLG+a3Yt6+j5P0dCKZTF+D/S6Yppl4aK6S1fLW9Yornvu2ORfPUmRVb2fI8R/REpCYxo/BSaFNMvqvrUJFYbSG+e+w8WORbfSW7dIk82WQw19D/cWQbF0KEsPqUeIolDaHIb4rzZZZeEy8ssssssvlbHIveuRLg+WVF4TzBjkOWnxr9fRRei4L3pniUUWkOY5MvgsvNl8CYnhjXHZerY3mxaLpN0IZ8i1rFl5irYl0EsPgetYpiiKJWLSHM8mXzXxpl4Y0VvZZZZZZZZKWyfCt1o3SP1ixKh5W8I10Fm9L1SKKFE8UJY8keY5MsvoSeLL0vdSLw9LLLLLLLHI8jyHJ8C4FukeLzJ26IrDY02SjSyihLSEP5fAy+G9qKKKKKxaR5I8xyZfQbR5I8jyL4LLxebx5CkNl7NjZZZfCsoWy3jhvKHJITvDHA/5ihQ6seEiMKK4GxsTwuCiiitLR5Hmy83m+K0eR5Hkyy+jetlll5sfOsIXJGSHIbHNFjY7Ylq3SxTFAUa4bG8JieUKhrW0WeRZb2sssssssveUuK+rZZeH0ULmf2eJXBJWKAkVxNjeUxMQiyyyy+CyzyPJnky8WWWJotHkeZ5ileG6Q3b4W+CujfUWXxViisLotjeqYniy97PI8jyZZZZZZZZeb1j+4m/rNl9e+Ks1xXm8IXF/8QALBEAAgIBAwQCAgMAAwADAAAAAAECEQMQIEAEEiEwMVBBURNgYRQiMjNSkf/aAAgBAwEBPwDSy9b1Xtful8bVvrRMsvZZfrX9Ta9bES+NXovTQ1pZey/6M9L4z1orc9LK0ei9VDWy9l/1x6pb3sfvaHHYh63/AESvW/W9F6HotqXuaGtFpe989/cL0PRa0Je+9KKGtb9b/p70XofLooRZfof9Pb9T5rX9RW9j9Ni51FaPS9a/pFl736fl/T3/AFBi3sX0tf1J62WNiej0T+iX0dfYt6OVavRMekf6Aot/CFgl+T+Bfs/gj+z+GJ/DEeH9MeKSGvrb1YtGtlC++SIQTYkkhzivyfyQ/Z/LD9n8sP2d8f2WtMqVX9W2XtW+xcxbHrXKTFkcfgc5P8lvapNfkjlZOfc/qm963VzlsrY9i2Vya5le6xv2N0d229FzX86Ia2t6IQ0UVxL+3WtehPlMsYtj3LV+9r69+5+tPS+O9UWWWN6sWllljkJ62OR3DkKQtz+vfFrbbLIyfCStji1q9O2xprS9tN6PYxPRsbLLLEQl9o+KnWlbEUJcJOmfyFxY4klonRaaGttDaW5iejY3tUqZGVr+lJ7EhLhvWMhpNDQ0WfgerdDlIud+WLYx6WPczFIXLralZ2HZzk1WrZ3avVaULiPVHcWLydiJD1lqtr2PV6Mg6ZB2uXe1EZCf0NFbaKEWLkPROjutEtktELaytXq9KKIyoi01znpYpe98paLkP0SQxC3sY9UriVoxIx/H2D9dlv6h7EvGxkiIt7GMb0xq4k409EhRIql6aK9i0ooplFFFFaeOUl7lquVW5kkhLeyWj0SMXwSjZ2tMUGyMUuPdHcWWWWWXsv3tHaU1vrRP3p3zFHxbGPbRRW5oloxIoxLwyiltfsvZZelll8hss7hv0NbWL0VovD5VEI2zI/xuXpsmnY0NCEYh++y9lFFaVsvjv7b/AMQ/1jd7UtXtrVIlCxxI1YoIiP30UV7r4d8ps77FyseKU2v0dRFprctGPZCr8lRkvgni/RRQyhQQhD2WX7b572vi0OIoCVcn5dGGNRRkxKcaZlwSg348DQ0UUJEcc38Jk4Sh8rajG68DjZkgNFFapll/XN7b9bf090jp4d+QihIcUyfSQl8eCfR5E/HkXR5WSwLG6bMc+nhVx8iy4mvFHUSc5/4VWxCdEc1KqO/HIeKEvglicTsJRr7W/ShiY2Jepc35kkYcUYLwLazqJS/kYo2QxpEoponFp7EMssjNpkZpmSUYkpN/Ztsr1IURYySS9a5jdIwwc8iIoW2eWKdGdRqxOmQnFxGzJ5GPRbe9jbfJvkPWiitlblI72N3st/gp/srZ5En++ZNnRx+ZEULY2dRJKb8nc3+dMcqRLIN2Meyy+fXrv0t61vpj9FsTK3tkeW3p0qrGiOuTIoKyOeMrvwdR1vzHH/8Ap3Nu2JlljaQ5/rbfHfqv037Vtojim/wOMILz5ZKd/G9aUJejt8iVcub06V3BC0s6nJBRpvyTyuXhfGqYmORbYi+StHtrg0Vtb3pNkMEn5fgvFj/1k80pDe5lP1rmN0telypeGRyx/Y8sErcjP1vyoEpyk7b2LnLR7K9dl60Jb29O3Yk2QwN/J3Ysa/bJ5pS8cVcyTKKE6Yssic5SPJTKKK+uvYkKJW9vW9YYJS+V4KxYl/pPqJP48Ib4qXMk9FL8Mk00UvpVo/Y3sURRFRaQ3eqQlo9sMcp/BDBCCuRk6j8QJSb+eAtyFy2Mor6peh+C9UmKJWy9iQtHsx4G/MvCHkx4lUSeWU/l8JbkuYx6PZZfovlvRD3N6KLFEpa3vWr1jGTdJEMcMauRl6hvwvCG2Xwlq9VzJPV/SpaN6L0UUtt7aEitb1hjcmNxxIyZHLioWj1XLlLVD5V+pL32WXtoS23rDG35fwSmoKokpNu2+MhaPRcty2v6OuJRWlFat7IY/wAslK/CKivMiTt8ZavmPR6v7ahIr1uXd4Q6iSk2+OhaPVPkXo19zRXt7qHJvdfCQtHqnym9X9lRQl9fYnyHq/sUiitlfXRfIer+rsvXtKEvff0yYuK9X9Nellll6KLFErSttFFa0NUNl/UIsjIvhVpJfTWWWNll6UxQFErfWxIULI4hYomeFQH9WhPhQhKbpIx9NGCuXlmV3N6P6C9LLLLexQYoFeiitWy7IIhEjFCR1X/xj+sT4OHE5v8Awx4lBUkdQ+zFIej+moUBR9zlojHEitEdV5iiX1q9+LG5yox41FUkJHXzqo/TUdoole5sb1iY6Ij8CZ1E6pEvq1ovf0a8NkdOsleaWj+iooSK91jZexEGRzV+DvtfBFtnVPykX9atV67o6TPGPiRGSfwyT8Gd3kk/90f0NFe69LG9y+TG6FlivmI88H8IjOT+F4Oqq0PRaIargPjoWq9FFEpUWWQz5I/Ej/mZWqsbv6GiuBXpiQeN/IseJ/k/jxilBeEdQn3j2IfngtcdC9cpUhvc/oK4FJDfpirZ2S/RGxWY8deWZ5KU3Q9Vw2Vx47qKKKH4Q3eqRRCDk6RKHa6HzKO11dEME5efhHZDGic+5+5RG0hvdYtUQy18izQ/+o80fwiORz8GVdsmPYvq1pRRW2ctiRCDk6QoqCpGSD+R8pIx9POf4pEenxw+fLJRgvMvgn1LukqRKbl7UmxY1HzJkp2P0p6RVuhYZCxz/QsU2/ghBQjZll3Tb2r6uBW+TpD2Ri5OkQioKkKI4pozw7ZchRbIdNOXl+ELFDH5StizSbr4RPPGH+snklN237oY3IbhjXj5JScn59VaITIZpRI9U/0PqZP8EHKadmRVJrlPjRfn0ZGPVGGCUbE0InkSRkbkxquNiw9/z4RjhigvC8k5JGXqL8RO90X7Yxcn4RHFGCuRky/Kj4Q36FvRDz4IYfNsbUIOiflt/YIi7W+XzsxRuQ5P4Rjx0rfyNfv4Ju3pOPFhByfhEcVK5yon1MIqoInmnP5ZZZZZZfoSMeBvy/CJThjVR+SU5SfljfBi6doWSbfyRT7HZL5H6X9PjetbHsxKotmONu2d1zpGVrtoZKKRldofDxqD/wDTP+RGCrHEnllN22NjeymUUVuhjlN0kRxQxK5/JkzyfheEWNj9dl6XqjB2p2zLO4Oh85cOLpi2teB6ohC8aFGoUiEWnbMkbVjLJKySp8Oy9aKKK9CTb8GLpnLzLwieWGJVEnOUnbejfDTIMcl/GP7FGN2t0l51Rj8wiIki/HkmoobivyPLFfCJSt/Qwxym6SMfTwxLuk/Jm6i/EfgbvV77L9aEdzquInz8T81uyIeiZgzxUakx9VjRPrP0iXUTf5HJv5f0eHBLI/8ABRx9PCzPnlkf+F6vbZfuQuLFeRx50HTE9spRGyyyy/pcGCWSX+H/AEwQM+eWSX+bHtfAQuA9sVo3zUY5LtHkih5kPLIcm/yX9T0/Tyyv/BKGGB1Gd5Jf5sb3170LiqbR3t8+y+AuWjBglll/hGMMUf0kdV1DnKl8LVsv0teqiihIr+xdP08sj/whCOONI6rqbuMWNjY2UV7qKO0orhUJIooor7Ji5mDBLLL/AAx4444pJHV9RVwixsb0r3UUVwXtr7G965SRgwSyy/wx4444pJHU9QoLtT8kpNu2X9c9y8s7fA4FfQPS7dfQpGDBLLKjHjWOKSOozrHH/Sc3OTb49chvfjXkoaG7Z2Mr+gIwYJZZV+DFjjjikjNnjjiZckpybY+JZYxbXwnvcmpVRBVE7o/slK34IQ/L0cUxxa5d/SYMMskv8IKGKNIy9Sop0ZMrmxvfZ3IvitFbq30USaXplO1RZFWLVxsca5Uhbn4Lvlwh3MjOOONIyZ218kptl+hjLFJikWXpellll8BeiiUqH6owbFGitjVjQ+RIW5pMS5SFKhzbG/S9HE7WU9bZZZZZZeq9qK9EpUN3veqFkaFlQpJ60USjY1yGvItq+toooo7Siiin70ivVRQ/YptEcq/IpxeuRcdv+hV6EhL2PdelaIx4lL5Z/wAZGSDhKtE2KbRHIibTjxm9V9K9L+gSK9stzfkSKKEiMpRZiy9yp/JmxuTtDi0xMXkp8ZsS9K+rrbRXuYolexNjdDe5JHS4Vkl5+ELBjSrtR1GDzcUQwKieD9ITcWQdxVmePi1pbIz/AAykxquG/S7Ff0FcqhbUvfLen5o6LxF0Q73fcZEq8nfBP5O6DXhmRf8AdmL/AMImrRLG0U9E2htvhPRcm1wKGuBXoorYkVwG96Xk6KLSdiM6bxujtk5UYsNR8maDjJuvBirsH5JIlCyUHxGVx7HJHdp2tiXrrY0VquOoiiuDe9EIuUkYIVESJNUfxpyuhQo6zwkjva8WYptzH86UZIpK+ExIriWOSO9jdiTYsf7KS3VvooooocRrVCRRR2naUV7EhQO3lJHRYO6Xc/hCSRRKJRR1ePuiLDJ/ghh7fLHrkl+OCxcNtHcd2nbJ/gWN/ligkV60iiit7iNFaRkLbWlFFaUVsSEtaGuMhkTocsUnGxPRnwSn+iVyFBGacfhDLJOlY3b9L3vRbH6bLHJHeObL/wB07JMWP9sUUvel62horSL9FFFFFFFFEY7nxbL0w93cqMUm4rWa0dIzZX8IbL0yTt0vU/RXqstHchzHJlnlnbIWMUEV7r1iva0OJWieyiiiiiijtO1HahR9DH7+7WitEjFOOPyYOoU3QmWSkkvJ3r5JyTi3ZOVsrSc/wvQitGPaxb7GzuO4t6JP9CgxY0KEUUVpRXspnaztO1CS3VsrZQyhxFEorbRRWlexj9srEhISK0UW2VWkJOLtMx9Y0qZ/z4/oy9TLJ4+ELI+2rE3VaNpE8l+F6YoUSUR7LLvbZZY2WU/0KEmfxixxFFIrbRRXoUWxQOxHailpQ1rZZfsYkUVsor0VpXGlBijQk2LGyjtFSG7elllidkS0iWX9EpN+qCENEkPRkrFIvWymdrO07Edq20UKJ2M7TtYoM7BpIe6Efz6G9EiitLLL9DZEW2iuNXti6HIsbL3JnexyL9UYiWskNaMaOxFFFFbKK0pigz+MWNCxxKSH5O0S0djTZ2M/jP4xxrRK2JVvZIivRZZZexkUVrRWyuI/bZZZZZetljZfrihLbJDWlFbK0SFBsWJnYdiK2WXsrdNeNILzvsbEL2JljYhe6/Y9X6//xAAjEAEAAgAFAwUAAAAAAAAAAAABcIAAEWCgsECQwAIQIUFQ/9oACAEBAAg/AtP+rA0BfmgbQJ2djP74HgUCKBHEJn6ZQEjtoC+xoNjp5WAnrOhGXYBaCHdxNZPRuuSfGfmfmZ3qCmTg3Jph3cxf48pqMM//AHy/efnHrzczP5seyfTliP/EACUQAAMBAAICAwEBAQEBAQEAAAABERAgITAxQEFQUWFgcYGRof/aAAgBAQABPyHjc/R6eBCxcUQWBrg8RNhMQ8E6WCd+dY9IzLdExBEGNj1H/wDJqexO2Pa9DUNDIPkwmdgmL9dlnkIQWxhOihcEy41T+BBN9j0z7H0P2L1j1Pc9OIfsR7NP0e+fUYfrDPqfR9i96H3h6uC4X/oVmYNY8XBMont1CCKDUyYhBLghOItYix+ZCx9ohpisTKh+hvvRr/54xFJIdY/oQ9zhtcFqpRMTnpnR9B9hGQhBKTicaXHikIIL0K0QfQ/Z6Z9T3PXjH7xtn6PbPoMP1o9Reh+z7H6G6PsY+aKXaUpSl/5drgsk+hjQ0ND4rKJlKUTGKoNp8k4o9BrFGDXM9D85kPYIooLjRFHw9yTHI6cCfYQY2PgtWITExM9U6j+SYo/T4wnG6WysIeg0J0ex6be568Ij2xysfQvePTB+tHpj2z6yveGfXJf9CScUQEjJRiDRONFxQg2EKZS8UQWsQgh6FkNbxJEJiDNKaoii7H70xVuJuLU7C1bfBE4LUITPVMuEj9cYTjZlCRAgnZ9CcH7HrwiPbGiiPQ+j7PTPufWPc9BHtn1j7GfR9c7/ANAo+KE8N8DXjuJj1cViWPFtEogOflBBBNwSCH01afCxJ/jxoirFZ14LWPoEmITULwLG2beOCqLjDMIILyv6CPcR6D0R6C9H2P0Me59Z9x+se2fWPsZei/jLHkJtKXbt/QQgnY8TE0KDReDHyT4InJCETgsaxBRLg9rGuCCQWdOKxdjRNpDV4hsEG+0Oc+5kJwfrBYXwnFYsWobgKvGo3PXGjJCPXldiPcQ9QvR6i9H2P1n2Po9z3PoR7Z9CPsf5C17S7fHfzJ9rFxY3Eh81wRR68WNjE8WPvCXIqEHwVY9igTJwQgv9CL6xjk1CELie4uUkPXY1YfGcli4IT4CrK8mh9Y9sRSnTGTUe3F3nvhahIN0Ifsfo98r0e2frHti9Cx/kLX+6xEFuCEXVjY/L3j4QO3BcCQhEztOyF0kXIhj1CCasbx+j7xFLg5lfQtqfBuZtfQyv9lG2PjfAuCExBBFBBBcjO4nT7y6h0xPtDl4Oes+hcMP0e+F6PbP0I9sXoWP8hcH+8/DS/AvK8ELkEPQezxOz7xpTBOUITgXB+h+8TKJ4OdCH2JjdDUaHSg1xvmuSxasRRBFBBFBcDE4e8NizVzD2V6DpwtcRugvR649j6PfHppXoR74vy1tH+9eKJ8BIhB8FqXFCxCYnRvVBLHtlGLEKewh5RBMnBYTsQhKjkriwPcWMug2kDn/wY/AuKFlxYilGEEEEUUUYGmksSxuOrFxOjt3CmEuPd7I9dPfgnoLFBe9o+/ykMuP9yfAPwJ80XX3hFetTFiO9sp0HsLPoMb1bpWUYsZOCLhCHoamIPPXGNqrfY9/8KNDU8d1clqYmJieFwN86aM/iMUommPFis+tikqLXtY3TCPcmCh0oKgsV6Pva/LWr+6oxoa4qdsYTi+CbEH5ELS2tC1degxZ6Cg2fXH64PZ0ewiwyQesgmP8AATFId6MbPbwsWxIfJc14UxCZeYERDF/QvBCdlHQmQ2ZBTP5DHjEr6O/pHoGNws8hIVQ3anvix/kr/gjxrJhI69D2cxi10a8a4+iaJj1W4u14j11l2lPob5dGjaQdeYOh7Q+i8KXEx/GRSlKUuXE8EWr7EfYvQeNwakEx/kJMWkD/AEKHoMsQSgQ9RUNKOUIfe14F+Gv+AQmGPLBIyHQVY8nBCEWnUNibOaETPclWK+g+Bvo98AM9jqiiGuh9F4LmYZlyTbHwgNn1s4IfNfAT8SfA+kY37EDv6JuxdpBDQ8KRUTJj2hrRBehD0y/Z6Y+/zq/4N2I4ayhvExE1vUdA3RRoYhrHxQlkF7PopRMYxODCOop757nqI6Gx8IKkGsS6GM9sRRlx/RcfNZNQ/GvispSlLhF6EMWoLiy7Gmz0dE7H6GKh6YfvyV+Eh/8ABEFDQ1yWPihoNs+h5BoaJwXAhanBsvGbhR57CY2G+CXK453rOme2Uog3xWoc+ItXG8bre0urIDl7xqhzuIReVAmN3FaZbpiH78hfhL/gC1ONmMZOCFjfBbcoxISx8UsQhC16kQ9NPfFyifBaeJwJdBVD3Pw34dxcl5Xl4rUxGv6WILj9ZQNkJ0JC5QbIaN9+Qvwl/wAGo2NCVE4OiD4FqWsWMeoXTatLWLPrEyz34VqQvfZ9bH0Pi/0d2/ojPSHq5r4i1YxYic7jKXgiaxvVG00IY2QmghUxiSWn4l+Ev+EIQ0RjWQghBvgtT5MZCCJgsgxCy62nWM9de2rSo7F7H6IP1lPot6yW0ePDHx64XyPVqxasYteg+NEPgsXFjxZ9sfBqz+Y0CCVlx+Jf9EMhBCcZf8FEfAnk4seIaxMLAxRMRS6mNiQjo0J3iEEhIWMjFQRejxujuivOhco/CuKFi4Pl6YsYkJcZ6c0x8l4ntjENGCp6o8qxfEv+jJSYj3JiCQnR2fgLFxb4IMW9iyjYrhEwguHD2F0wgsMo9FFo0sWmhuhHrj8bxCH4Jj8CeMXFIb8q40eLmKMR/QTBh5Brxl/0YnkxQJKiBI9BOyCcUxOCHj1ZMXNS9l0mduG9xYnwUnQosMflKXFCXIuLQ1zQicheYhC4PEPZCVYa1MTHYvK81/0YtYsf+hqP7CJsbG+RPixIaJiETENdYsQWfeUbEVDaF6GexesQh0dYbvrMEGhBhKluhBR7eK24jsJ1yXA/CYbuXgIieFcELLrxD1XrEGsNE24vKl4L/ohMQhjfNkx8UUrFiWmiDQhbEoxsmUWIYw3iRMSQ/Z7H0XDcobsU/Y4voT9ByH6Gz1PvDdB6PbzOdYmrDWmMfhnEWPwLkfB4h7r1xQhCE2l53F8Bf8OPyJiZR4niZcePJiairELXk6xHtjXFEEwmKNDOhFBsXvD/AJZSjRjZEz62P+hWiterK9+ZMTG+RjE/ITFHwSPXBPChYiY8Q3npPTxptLzXwF8shCEIQhPxX5FrLzY8vDoQ1i279DWIsZSExSY2IgkxnQN94h+84t01HrD9CgoIUtR7FDEhe8vdwnguLVq6b5FixcPY9T7z2Guiah+BCHwPZj9T0PUfJ+dedfIITyQn4L8aFrJqEEiDQx87i5Ih944xLguAso2h4P4H7KFPbhNIJCEE4d8ICA4+j7IdPgXiRKPVp4WPVwQuM/eIb6xQcFwXxjxH0M9B6i1DFyfzl4V4lMocfv0uQaxPFrHymoQ+Cx4QuDxCx6xZ9ANtj4Ibo9jIyh9PWY0EE9Si+9CAe0Ewtog0MnNh8EdibE180LEJjDfem1OCY34VyMWM9R6oaIaNwbQ6fYrL+SvF9MbryonWyiiuAv6E4LsEJaxjJneLIJCQicEynQ8TFiHBJhOsUPoQ2fND9lC0sQhqE/8AcEcYuM90sXuxCz0GPwniPQsmJjH4UdjPvE/KsXA8fB7I9UewaOx14I7HTg8KUTRPnLxU6GhV6K8qEGkP85i4JXPQ3l8CxIaHTIhMeIS4Uy7dFv8Ao+8UMXqxS6pShMIJKVi/s9iX7R9TO7IHkITmLvUxqMo3kGhcliPoZ96uF16uCfA8fB7HoPRntqg/ci2xGr6KN8EbI0xLofzV4lSod0Xr4ER0X81kIGtTE+hj17BrVkxoUYgg0LHkEQg8SD6kOvfjfptWPEXknikeJiZBhbGCEIQa5GqNQTvBR48cxcUIJi+ZcvTHjx4j0Hqz2xLPXD3BKE9DoqGIm+uPQlYmTE+JS6h+BDHtKUu39N8USiQeJCY3wWvAuKDEsghkEISINC0hzLzfF49LbUPsXrFiJwWCBLYNHgwgPpBhrghMlJGIgs+hILHi4IQhIhdHp+VcEIWPgeIYep7CEFleiDE7DSZHoPfXH0jjujYta8qyl5ofgQ+g38JfmQhBtorUFxexrmhPEdcWIusJlF0O8J8aUNVGdBM+hCEhH0iGj6G6xCCGoa4glS5TuLY/TGk/1COr0xoaGLEhIfYmplO3Bi5VrfWyE+EePG8R6noewpEdDKnrj1xax131GKUy6njIQniXhQh+FvFSlKUpS4vzIQY+KKPhdVHYSPUJ8F4EzoRG+2rxUu1iwvQhCHsP0K+luOiCRMKoh7EkYL9Flc3/AIh1OhjQ8XBoQfBOC5Vvoe254pDHq8F8iw9B+3Ivd5U7g/bUyGz1E1PjMnND8N8TXwl+cxjXBMuMeMm2FjeoQtROdhPobr8V8YXoQxOQlIufZ35/bJDEQmGaEwux66ZCbmIaHiKXSy+LxcfcWIaO7EGnq4JzWFjHh6j0H6PeJlKIIrhWft+KjXgRB8UP14V4UIa7Gf8AnnCcPGVg52l+c/ObHiQkQjGIJEJrWNi5PYhBj4z6G75KUpeSYn0XMu8hrO4tztYvRcQxImi6EF2TM6khohBoQsJxONDxMo2XF4J6YTgVXELxEegteGU7Eu4eo/R7SlKUownjqG+SOgSP8Rks1a8Tw+KPrwrw+rO7RrhSlKVlZSlFiCn53YmVDxNRCwY6EoxiGNYiaTxCYmNEGSUG7t+IuuHVRP8A88dUfcP2OM/wRrB6FMhiXAKrJo1jdFhBIgwhMRCB1BCDx4uKaii0axCLEJa+aEL0PHh8kyJHNx6UTw8q8kz9Il7FOkdQLcIbwgi4XF5Ib8K8Pqx7QMmn5EZ+IuEKLK2jOspcmM/vTxDlyj7IIS6EELBcDxkSm3nSl8iENFE9EOxC5wBNND/k7TyeveYlxBCXFl0MTIylpMrKw2N60iIQhD2H3wL0PkmEhjx+9T1exYePgoaw3cPmOg2PiSY079HXJDd40c5XgXz3zJnVCsrGhlicITVJfgQhCc6UpS8JrxODKXGMTLlxMY89BCIQQYVC71vlfPBY9qNTsuXgiiDF9RIYsCPYZMhMg8aFCRLHuSmBsnygmJieIQtQxj1cDY3j24LEfWmPjoa5GQnUFKXTxiQkJESE6IaCeWxvivhl5Fw+yEIiInzr8KlLxmITvgkh0GEyjZS4+I2LKT03l4X1/ChCcaUvKFoYt9PgrBAl0xC9cYUTIR/sM6KBhCN2h81iE9TEQgtPFwWk4NXwWLKyGMfLIpRKFrGVpo174/YxCKL/AESnpZiG+KxOF8d5ryL8ZsXFDcO3yb43iiCRB50VDQQaj14vAnwlGxuj+ev4EJ56IIOCddoesFPPQxMYoSe+LQcruhpHD2P2DkvfJoQmELVxPUQk4CC5lkZWEyKw1w0Q9CeKoTjH9pSoPG17QgmRULzQn8ReRaxfhrjd+yeGE4LEXWN4nxPKXjN9uBCIav8AGgViY0SoYYCj2PbogNbpiCP3xCUHDq3uTYvXM9pgnGsPhS8Y2C1YpjR/AdRcnI0HTexlIIbrExMg/WVoniHobb95eSF8RC8a4L8Nc54riCCCdRdGyDXJ6tQoPG7G610D2/yGmY0fY9oLtCL0e4itDE/Yp9MSvDDQgmijHXkT9nTYTEXgJpyVhj1C4vguLaljU4NUayjCZ1GjgR6YnKK2QmeE3hvkXhXJbPwFwpSlKV5CEIQa8noNiMmRDXGeCEGO2NDQTRxD8aRPlsTOmY0N1i0GKtFJjEW6bJ4dIhFEheBcWJCcRPFxJi5Hqx85CjF5CMaF2h+h4hh//caxZS/OETofgPisQlhCCSEXy0iE2EJ4u4xck97F6OwlneaTwPblyl4BxjY/El5LwC7Gui94u0WWR6h6XSOyRSiGixtYemdGFDrLlGy4uLE9N4tNxFyY+KHyPCCFKN4kIWH+nQ19D3Me2J9iYhdut4EIfw0N0N4D5IWH6GlTogO+DRPjL4CEGlOcmFhDGLw8RBiDy8kIdnpox+FLw3FxvULorwRvFZQMhN9oyEMdHbGGmdNChYmUXAtcLwMJ3UemIfgFr4rVwsY8MRAlxUuWVCe3AgmNVH3tKPxH5Xi4ITHz9BlGy71sP+pZRWVlZRf92KOzsXwlzQkjwEPDQ1kILCGMUu2JHSNYgngWUxtm/gXmTUPiISosrFyaRibiah1oY6iz0hLrghBCCR1j4MWH4pPgvOMeGMTO8oVIMjMdTgQmUfvhfExfOvKvWMV+DsjIyi8yRcGLzvU8yQXypHoPGhrHwGG1yITBBRh41q4IfDjeIuTYxed4PUEUpSlLiUc+TzK2yHA6xbFwZBexBCY0QYh6liCCGiC4l1MvGjcF4DHoxCRNEIuqP2eoQ0S4vcY/AuCxfAXBC8LEQiGhCCIhPIxfKPrwEI9B8XlLhakIUINMSE8meGH5WH5C8pM+8LdWC6wfECHeh7QQ/Jn1qxBCEx8iFGsXJj4LwGMfGI7ZIXcY/Yo3Emlr4LWNwfmXmfAxfAYvjAlqD9D5oYfjaPCHr57whnbE6E7xEGuE4PQfysXhCZOCYh8PTHqy4sfZBjCKNl0uDieLGggu0PrEI9NuKIXiB+AvAYx8R7if/sIdGUuQanA+J8ELHi064/Kub8DFrF8Bi+CuaF6+BUh6O2GUozrSZSLajxBvUQen8pviqYgKfojDRYRhr4Liii7Fi5dD+B6G+BCxKjUGPTxUh4h6sWIekLk+C4p8GPjXIldjQovdi8XfM9G+vOvOxaxfAYvki8e5SlKhMY6xBa0YjCxSsE6euHxRQcY9j6H7H46PkVGsoyGqGPY4HxXNhmiE8KmsnwJCWWFwnXIheh8E7EPEJi17QuT8KISO+MfGMbPYgSiE68O+KePPcXU9vMj68zFrF8Bi+EpSlKJBLNLJ54UWUUWUV6ei4MSjgpeA3SxAeLVI60wfse0vN8UIgkhPGmVxODL4rneC3aSU/Q39kJciCQ0etPENcDyDCXYsQhcFC5PVy9jsiTXwTGz3QpIcDZiEfQ898ssooz+BOKe/cVjd+ZC9DxeNk+JjUVnZ2dkZNQ1Wz3F8GllZWdnZ35rtvobCMsT4rjQ0zseTjF6GuyY9/wAihdHdCD40peL4JRRY+BbL4L41LpVeybKTkYaJYoylKemIo2JlUHiFELHtcz1cvYXrwE8Qk+gdJ43RSjGM+hp/Y+Drncu0NTbiViroZIb8yPQfvF42zoqF2IxxqJoqIIJJJJF4KM/wP8j/ACP8j/I/yP8AAr+EZPF3kIQjLFgf+j/YgRfoq/hX/Md4SEsmDU2jDx8a2er2IgiQ1SDUN+hD68cGpqiEIaPcfyVh9YpBr8tSRbr1bUvgLgfFzPguKPQetMRisWepBR9nehCdH0ewyOxVT2GPgxH1M9xDTWoaYUVYv7GJ40ep76fhbg+lFlFFZX4jyFkL2yp4+K8v/wAT/wCT/wAeW2R/T/0Vup/t5RIfRP8ADvH/AEP/AFswxE8hOKGNEPOwy4YkJEJHwThQSBpsJ4qYz9D/AND/AEGy+vAj2NY4vQshYWD+Qk8iCiSCRzmWtcT4zgWnwrkxsvNYZLC0kQwiJ6Ep9QmNB6i9jTCle2JKCno3XWZOKPoYlKvY1NuvryoolP7hjG5vFr30/wAAOg/4Q3FfipSso/0P9z/U/wBxGiX8hP8AkSZOHRRP7H/UZtBsMP8AU/0KELZwdxAykPFaMPj7jdCJjgp9oTezs9jJ7FpeGC6eSeUuT5pRohCeNCEoed+Ai6shQhChJkHxJDExFKh6WWPgTFxY0JDUEIWMR6jKDc6j/uf7CbccBulH7O59sbxhTtP6o1Yxrl9LPYPtY/WH3GUcqqFdH7ET++b4vfT8LyZSiisrO+cZQnP/AGdT/I234K/h/if4n+J/if4ckEmX+IX8CLin8Bm/6n+hRecEFzY2UpRD2IxRh8UxDrm/6D/oUUUpfInMElz05kQkPzIud4hbGJJrsXRblw8aGsSEhaYiiZRPhY+BCXJBODXCx4j1HjQmWS7ZT0j2CKJkd1CdjfRRZN3lY8eLOinVGf0iiZfY2r2XExMror/zE2XtcX4E/HBBBOyCEIQhNhCof5K2QhCEK/gm/QgQJX0f5ERCDg2a+kd8IEa+iisToQGiGJhB0Fj5wgn/AIJ+KURiZS8WxsZSETOkUOsUYO8GiMRYfwG/G/DRMLJOhCfIoExM6YyGxYfYxcG9aJjFHj4IWtjPbxtG8Ey4uj4EOzGsSguK4JnsmNBulQihjx8kxOk5JiC/QhSgnqXY2T1eAMPzLwTXbJi/4f5C/mJxKJP0JX1xga/sT9DadyxcLR/Q0JDZbRIEhBOEnK839/8AMg6Ki42NhZKXFsUMJnqNCCQpEKEmLGzPTF+NMfO8PY9MNfITLwY6DsPgTJjeUT5l7Fw9tfvyFiZ6DxCi9j4KHXKsPW3ySTH/AAJhdxp6K3jx8kJwgSRMhMR2GlDQn69jUQSE4e+3H4vvgshR/kf5C1n/ANaP+J/gR/ONI/o1/Yj6GFCuJI8FS+xrFhWMGmtuEr7HIaEMuUaPsQH/AAMGH7PUuMdFsaiZBB8WFSQzHl4bfITsSLLXxLyhMXvbxYTEx48RBBh7BC1e9a0vBmEemQWfvgqJJ6xc4sTOoJhIlbb5rghBly6SRQ37EH/YV8HfKFC/kf4i/gI0/wDSf6IEa/mf5EE8FIP9Bl/4G0rF8ySTwUaPsajYU/vEIpWMH8hprhcJfYhk3/ZbKXE02MMjGkG7OmJkEFwGOON8a86xPOi7EiPYTofxkQuzqzaF7EuZIaIIJCCEFHiQ1hahYx8Fzti9i9anzE8QDYavyTFlF+mdP0MsYXY3qQ8WkyxQ+gy1nRY79TFBI/eO1LpnsEex64g0xP8AoQWIoV/MX8yDoqIIIIJJJIIIJz/5KzbP+hX9IIJIieGjVfY0Gw3ffO4QSsUyPOl4LCEhCEuMjKNDfBTKJjbtZcm+MHsU9n+AnJsQ6L40rJJiHqP38ZCGEkECVEUTHiEhODC9iFnoPEMQuCEMvBcrGewuMnjYlAysouvgExMbGhKMj2xviPUteCoentjbKUpSlPWH2j75V9DEhJCIjQLIgq5EITEkEEEEERETztENQ0GTd9nZCE5XaJ4ONEuVE+StwS4LokIxAkJxYcZ0Hm+EE7ErD0ayS7Fy5fHMsFCEw6/EQkIJyB2tYgekPHiEUuGGIbgveJj5kMeoXK9LZo/RZcl8LDF4kdQnbrGg/eUEPRNWy7GhoemKO8ohSiY30PuylxRQnE/9E+CUTBKXbhfBUaf0aBoMm07FcPCeW4t0TypjFwMoeWDNlDrENOIb4JmIejt43tmeheQoQosc3OAH0ivxKEtucP8AISY/QxjxCYsePFiYg1wpE1LgeLFxsYhD1McbriFg6OTRn8xq+uLGiFKLD6Ev62GUJCwoTEutWrcfxyH6Y3GG5BEE1CXipSiKcbkqxcosKXwQP+wwbfSLHYtmSSSEIT4SY2PleSbKUvBVFkGXRhs8bxb2FRIiN+hztk9pHo+7ZfIlRkdCv4MEqdhEgmQ9fw0hC5Dop9Dx6nmEGsQkLWuhohMLYJag0QReVj5COiKdh9Lw41RrK/2JQiWLrYz9FUUBI23i0IXBZDsX3hn2MCf2LehIPJheJS8KUWa+Lqgpxavsax/yhuIScSCKL8ZcsLNNPU4J0MnC5vgg1+luF5RHtH5kVYFsH1HDGVg8R1A/hIQizIraUomJjFwlE1oaEFwY9QuCfEvBC2x8pEgUJsG/KlcHJS6SnQob6EmyOl74rhMQ+wE79nvOE+HRMjijSjZ1EfeX0MlveUqIvivW/hrKiQ8sGEyEaY2ZDLwHwm8gg9/QvsPUHphtv4CE7OgWbEjRNooEn0jUNfCQkIffj98UINY6Q1McbXtFjF2hNWLkfriQuCDRO8shM+8pdB79+aDGsTE9bGxoyFwLyrkyfEuJiwoXGPME+PRqPK+R+BDGKTMby5RMfEMfTLxZAb7xIe/rEIYj7MvwkdoiZj9lTpmMYUfwkIq0QY+KwQgh2j6ExBcixnphrmRRjekIQtY0PT4IsQhF+/OmNjFBqD3KLiLykqL5ClE8ULz6XFKUpS5SlKQNRoNRhuWUX4yZ+j7xMPfobMpeNE3eLwakHM9gdX8dFx1HfGM6jfghCiiMnJCHt6IiDHj4UtJjj0hEIQmph4gnG4+BsXF6T4fePpDn15UqNIMXs9FxYfEPHo/EgvmaJ4IUpS5XSlLwM4eVllF4vlvkRsa/YgfyGz5pCR0w+Q3gmYp7PSH3XGi/5hRRRWZ46QEFk9jXmnfrFSlbw39aH/A/y0zEl/oq+z/UR9j14LcYx6gohPTgtwIRNgliFqhYuCGMeITFq08XCILBq3lo2NZC0esN79Y9H4CWZ8+i4BdD8DDZRSl+BfIk2ew6FgtevElLm+RsdEWBrhKNYkIIOtfCauPFWXJiZBUXO5Z6U+5G34Kxf0P7Rv7J+8Yxj1DEYxsYxIggkIpSlFlFwV4TY3tatMgt+0RJ/MYFHs6a9jO8ZiGhrR8EQTiX8OlLlylKUpfiXxpE4ny10j7DnBrxtlGiGvhBohC4whOQGqHXkSzWIOhjehMxCIQxjY/EvY56LexKY+JYSiQo8gtUpR4hMuJ4Z0IuzlfIXBRYlZJaPwx4kO7MR6CdC9nqKcLfsT0mfodHF6PUz6P6kX/A0vnaOyY+gvGh8ZJwZRtY3UhjEompEIIdB71ibDYflTPoIj2RZN6/CjoohCEGMaITXnEHjFtycUPSyCya1hiELVp6u5+hg/AyR3XoTt0KXbJjQnZ9RKVIX0egqJDPY+oPRZ4fsQoL+xK+v+CvwJRP2JfQbvI2XWduCA3Gz4MeHTYIQhCYY0DDbf2NwYvjmIQQgQRXLfB+GyCkhVr0x6iCcGXjx6WLViCwnifEWrHpZICPQXtj8LgngeCa9Z+j1JRBs6mWMbMV+xPnN/qXzTUheSl5PWSLcEqOIkyEEiEIQbggYyoZvjQkNDFmOt3yfgQn2M9QpsWMaIMfBO5fIhMWQmUsYh6ohcz3iWLGNEGfYIQ8Pmxn3sSvrmSMgUCc2PQxS6i+EvzV8W+dHpYkJZPFSlLjxa8QkVfBjEoS2EITW0LetBoNy+VRLSFgy+Z+BOz+YJoJweMvD3xcevSEIJcGuQuKEHaKQghCWNDGhoJEIWr8CBOMINY2P7BKFF6CIDcbP4FKX5y+HfMqL+ypDogkJEJ4KPKlLwnFpxakRZCE4VIWvR9pjUb+dDpDRFeJXFyfhF+430hODGuT2xkw44LBMW0XA1hoWLxJoQnBcDvcIWTEWPWD72JRMhCE4IH8hH7MQSfEvzl82l4FSGzxIQQhObDFyl5wmNzN4meKQQgsGJhxexa9DfDLZ/BpfCvKkdZ1YpOLGhiDxoKuDIPFpc2PYLELXhoIXVx3YshCf6XCgwaBjfYjCEJlRH9yZMNw38R48fzl8G+S7dpCKE5tjD1S8XMOD4PNvKZpExSJkwJetlqNn8xC8tGJEdh6ZOLGNjeUbP3jGMSubCC2eBMQha+YXBKQWQRTi+tidINIYnhOLLKLK/kXKP56Fyb8V53aXikJ8EJzajNEzEYQ3y/sJp5SRbKkxCWCW1H/AKJ9njRD+DvkQhcnzsYZ08bwMePFixjGL3hoSEhInFhvgxYtYxoSFq4J3wXTIQwJIbhs+ytKUpSlL+yhcn4r54NeKE5NrG2UaEfZEhaKcZpOMEWZQQWCC1A+8PY2kM35yELk+SXLuEi8J6yCQsWtgosQkTmeEhCE5HqLyLUjp0HP1usUUUVopSlKUv6y5t43y9D50peMGMShCcmiGXW0QhIfwGvCCCCMReDPpxIQSEEJ4hI+pDbfvWt/gIQuL52YvHIQhBLJDHLqcCfhJiyE4MPghC1a7dja6HRSl4FFBFFFcIuKUpS/Bf4CXNvwt8qUvJjwUE4tBI2Gy7conLcuCCCKEIbyZCEBqxIQSEyRWLDGQGz/AAli4vkiSErEi8T2CFBl6PfKdhCJ4Xk8FHwIQhcFGv7ENhsvOl1QQXg0KX9BLxXii8aXm3GlROFQkYN2XbzuEvIFBqswTwPEXYkIJCGiKYhsvQ237G0vht+EhC4PwWLC4QnFj26UPibV8J8CFlxvV3QdD81KE5WEVmjHDX8tLwN43yb4XF4oSp/USuFQ0R/EbMpdpfHSiysWJb9B7wSKhmtnrHrFs/hX4iFxfFYRROR7Sl5EQZCHsfR7YhPhPSxMpSlEhJBT490ooWySSCCClL+AkTwN43ybylG/BQgLIGrFu/sb5XzIWpC1ANQgg3BtwaL4a38ZC4visFbCxcLxfJiQljCEEPrz1lLzrWxMb6E+h/qMfz6UossriE4pfkwnhb1vjRsuXwkSEg1Qw3f3i8r47ygkJCFSybhUJZQ+DgbvwaN/GQhcHyWOnwsfJoSyEJwflMRRsWUvAtZ0OuIpzX4dLyBS/CgkTxt43wpRvL4k82XhcUvw4JCCQ4GPaZeS38FsfyEIXhRZkDxQYhPHRscvJ834SykD6UN8Vq/ZmQgl5GxDZSlKUpfNSlKX4yQkJY0xg3Ghrwbxv4Y38pCF4nb5Lj8KGPgXFsvBY+bQ2IohFPQ3yX708reN5S5S/kpCWXEFR0NLg3jY/hG+aXhXsl5TeLxhCcSxcG9peD1uBhsTH0PoQyf8VeTeUbKUpfwL4UhIRSiEy4pcb1svwm/loWLwp0F68bx6tXFsRMXBsvFFKMeGEy4boyUW6RTEx164r/gr4GKUpS/g3wwgspRZSlKUet5B+djfzVi8CF7PXxvgXBbRvGyC8N7KXgbKNiFKXvH3BE9CkGr/AOMpcNlL8ubNpfFCZS8aUpS5RvX8A385YvAj2PTxvhWUontGNlKGKUu3Hg32MXjbGHyPfWhPsWfFfu0vOjwpfnITaUvjWUvGlKUpSlKTG87Y3+CXhPEPXxvSxjYmJieserVwYy8lGGxxCGDfeLbiW6/4i6UpS/g0pS+GC28aUvOiWN+dsb/AWLwIbsp4zY8Qxj0h68XG6x63DrwCZdQb/dpS8qXFyl+dOFKX59G/gN/grxLyBsvFl0uDKUozKUuNjY3lGYtTrSRB8Oj9y87pcpS/MhCE1sbL+C38Bv8ACXiQiDGq50o+TyCayjHiENieUo2UR0E+MQvZ6D1+h6/2KXnS4u0vzUiEJlHhf0n+GsXNCQkIv15WPULW1lExDYvd5XSgRZuPbwj1+9SjwuUvyJkIQhCYmUeV8iRBL8Vv8ReBISEhLIMarg+TKNjZdCZRsePFGE8rEPU+xLrLhvG+CWPpFn+5R4XaX48JsyEIQhRqMvyoQRPgUpRiiYn52/xULkkJCQkTyDZSjY8fEl40XEPGJUaF7EGPJGMQ+tv2PP2VKPC7S/GhCEIQhCaQg3i8r50hIgxsb8VKUvK+aj/GXFCEhBIhCDxiovJsbynplPTKUpRF6xRPURj2gnENj2xkJj1ij/YuLtL8aZCEIQglhaOh4GW/PBIQQg+sG/BR4X47/HXBCEIQSJrIMqJ7cN6pS8VKXBseXUPVxhMQ0LPrHiH+rcUu34kyEIQhOAXD4VCFmzfOkJCQkJZDkxs+oOqrO6Dfyr+QuCELC5E6PUbKPHr5KXUXfrEJ9nqL2JpCTDQSZCwpKLOH1g5/1KlGy7ec88IQgkLBZrNboNEIxZb88EhISILRj4QSioSh0j7V/wAMhCEIQuHVsTKN8KMfA8eINYhcU+x9oXvUxkEMgqHkFbFB7GN2/RpSly/HSwgtaCCC4NMUsG4xfPCEEuDkoUmR5UYnih3Qk/4ZCEITE8o2NoQlRYUeFHhcXrHtwEo1t4IbSyamHVH3kK+xoJEOKMh6/wA+4vyYQgsUUUEEVhCYlCvob/RrKXzwgkLj/Ap5BIiFwaII9kJ3/wAItQmJiYmUo3n2ERRXoXapR8iO0sSnCoY1zTKJEZ2IYkISEKMSGgnbEofWYxv2P81vF+PCEJhBFFBBZTaNUJZuYzS/AguVXDQkJFPZA64qLF/8IsQhMTKUo2OewvREXcsWNl7ENDSxex+iwZYWFm3cWIfeQQ6IZMdsIYXWUHd0Nn7JIs/zLi/EmQhCaIooooJcKQIWbGNn9lL8hwPO3FhBCQome3J/8QmJlKUbGexYtB8GxBBsYhifR7ZOCFQ32quWhIYpRiHG1hqYxlGOgf5VKX4sIQhBBBBBBLFlLhqJWTXi/EnGkBs9XATQhOFHedxS8T/4RbSlKUbz3yneMN8SEGP1iEIINYkR0Q0J+iDEod4tOnBCQ0KUWkUZS43f5VLl+NMmLFiKXgXOLB2X5bRFOVJCghJCQodEGe3Clx/8KtpSlLnuP0LHnuPgUuPEsmEkdT2t0Gew0GOguEYrOjEhB9FJ8d6D9/kUuX51LxBllv8ANN4OuKJg0JCYSeNZ0x5vgpcf6cITYTz0pS577pAUxKNCxISEEGliFg8UU2LSPTOwkS3VEyY4xsu+LxD/ABqX8ClLi5YYYvzXA75wQgdCCKj+BRFEHMeNrITWP8Z+WEIQnxFhC1DKMSjNShFA2JRi2dOAI5w9RBlwNlNfQ7XRRmkN8W/Gb/BpSlwyzfnsXwI6gFIVoTEIShpix5ONmwnz1yfmhCEIQhCeZYhDE7yZ6nYkVKO2yolDoghqnXh4JqViqCHYTLEj0dxFqQ6cj9/it+CfLuHlfn0b8dRQISzqXsuBH3tLvDYQaJzXyV8CZNhCEIQhCeRCxYmN3io7o0KEqLo7CRCC9FUjhtISM9jviljY2sMuBYY3F/iFLzhPlXDF/DnjeH2x7Cs6OhAaZuKXZxxkfoa5r5CF8aEIQhMfjQsWMTvHY52OhMN9i6x4SKx0dMWrFpIa7GfY8KRD3joQXH+HXwT5dKX8S8nycXiCYoXlDoj2ExMTyo432LIqpPnIXyYQg0Qa8pCxRImuMSJwPhBCi97oxsbKn9SERFCjZKNxtChlv8G858qlKX9KgjW0WLg4hwtie0z1HZFxvzyYvlNY0QfkIWM7D6y/Q1Q1yCKMbFweGN8exCZIVeN4kODg0iB/PpfwaX8KeKExOagQSiBFwTMTG8QYT0SE6CRXGT6GifMohcH8h414yFwN6OiEHr4piWJJPYJcEIUeMJHoZpRhvnt858mlL+JeSyHWmKUvBB4j2Eg61evFMWhhNNXTcE+YmJ/BXkY/IQhZ9iwqCTH41jCknGQe2NiQsQY2Nj+c3znyKXjPnw9DfJeckoRQqJxD0NScEXgHY3wauzEnzKJ/BXjY/EeIQi7RRCx8XwOv0L+xItmtwp1l2jZcG+L/AGbxTij54kNjewhOAS4J4ExBNMSCSFBISdtNExDx+agplMhohMhPjUTF8Fcbr1j8hZ7EIRBjdcaNlICZib7Ei8E0G7weNjDe37ZH1+DPj3hMayV88hEhi4vJ2GWibCamxOMxqE7z145j0x9A3JDL8xr41ExfFuvynqZdIQxZcGMUfYgheGgx+EPRcuG9oPOh/gT5SdiRYp7GB2P5iCHrIQmrxVO6GobLjCCEsOe5YkR9HgbXRC5NUp81PE9fwk8eXzlixCypSfrN9jaeL6dRMsY3t2JmaqKyY/i3mvlJ2JXsqR7I+xC9Dd+aqIQ3iPeITb4EN2QyCnoemNcHbFiYoh2RIkN18ptH+AJ8ZFEy+e8aUfwC1MQsgyp2xIJPLULPhRlhh5Y9Hb09IxfDpfnwTCUSi3kIY/nI9IdcEKMYaJt5oaEihKXIscExOIoEpCxTY1Ue2outE08g1Xnfx0Jlx+Wl4Jj8p6tQhYhOvgfXsxtjGPKMm7EX17ELSImb+IkT5cZUSBsdH7F0MuvmqhIhi7CYmJjQ0PwrVzqh/wBuEGxCCw/eUuxLo9+Vx4hiy+A/jUonr8q5PyHqyiEIQvgTxDVsYlrGyjFk4TikosP4t+SqP7CUPKljRv5qQj0h+FRPGte9scySXaUsSX0xuH+2KXITKP2NIj6R3Y1OCxahHaJ/jUomXz3HwfmIuIQhCHnnJBkxvDY3q59cT9jQqJ0NdP8AMQhZryJTxTZs87BIsG9RMT5JjHjNM61wOL4BLi6hrpOS1CjRD0/Ion508fw1xCYhCGKLx0uWeshMPEp0qR3j7Y2lLhOw/wDcPYeQY/hP5CExJhKhLC8ieEAhPMk8akV4rgvBBLDcK9vGEJsGsUFFBnR+ta1aha3Y9+ChPj0T+C/KuSxCExCO7wUvD0H7YyjY2xvasTlbrGSKPip0JPymsSL2MjWW7BFCExMQhCY2h4XysSGW7wnBaspcgtXbyXgmr1n1F1rihb7j9flJifzVyQhCEIQ49OV5erPfWMN6jtWQDCUmuoPD0VIe35CZiF7Gj0MbBBGeGBoMNi+VUJQ0RXjNhMpSnZROUx/AYTMk7PW1x8ULjFxf4qYn8xc1iEIQ3Y/Xk9x7Y2MN48Ws946IcIK5SkoYvZ0QYx/jrNcSeCk4bjb+C9LG8GMSP8T/ADPsD4TE8UGtYxaITmhIask7F1DQ+Jaj2PT8xP5a8CEIWe4/QvH7j2GNDGLwueuZE6GCCzsInrgxof40IQhOd1eV+CqIjRDXyQaTP9RAUYyYjjfAliYnXhhMuHtDw9Fqx8ELVl6fmJ/LXhQhCPcXQarx+49sYw+JgYGSDl7HZBR8INC/gwhCE8F4Cl+GlcIlhbzsTwb/ANG+FKXnBOxFKQMMIJc4Tmd+NCHwQhYj1fBQmPb8ZF+SheJCFi9Z0vhTo9gx4fD0xPXQMxE3+EgkTx3gL8djIjaXhEITUG8pS84JxFITxTxwYmNVwoQx8FqPQennQlhFB/MvyV4kJlGPo7heOHhNbAW9kPSGMY8u0fy0JeG6X5ULCgSivOcCGUvJBMIpSLwQnkfBo+oSj1Y+CFiHp+AoxYjpHyRPjJ/IXjQsN9D9lBedKUTwD9iFqFheLxj+UhMpS6UpfmpZeiA68C4vjBMIpUT5D1PPTPaIasfBCEI9fwH9iIUD5UCp0NfsIQiieS8VEXDDQ9SYk6dB0KGxeDY3xf76VIHrBu+BF2EGiZTFC8M+MtcSrVj4IQsWheZKs6czVj5RV1P41/BQmIQh+z08d0L2MaxFty4uD40v7yokesG744RFLjJhc58laumPSx6hCEIQXmsGiPoHyo0dQw1c3+uhCENCnhNX2I/YplB8WxF361vk8J+5QhpfElyusJl/AWrax6hCz2OqKUpSl8P2DRFG59g30PXv+utpj69pA0/YmO+hj7G7+/AbEuH2PwvrGP8AaoyeQG74EvAvBCF81j8AsfBCz3E65CEIR+F/4yW5JCJIbX6G7/XSERKymTEV7Ej6Q39l/wBG+C4rBLg8b6/4XQnk0N3wNZC5KXlRMTF8qlGJ4hjferHwWr0EieFcbBJBRzisSFGJGhbb+QvNRPExMbLt5WTgTkh+BiWt+rMojZLJopzayGN50xMT+LeJ0XGxsWIfBCEIsnjLigqWbmmIgx/mLzoomJjxcD1cG8XJDxEJkH6Etf8AVmsZDIF+SVwSxm3z0on8G6vOi8ky9DeLXqEIQj7RLwTlJnUPwMMP95RPg9vC9swnwQ8ROxhoXQ9hIZRv9NLglIZAryYJFlS1XwaJl8VKSSMWV+S8Fj4kIsya+dp4pR/nL4SEy8il1D2EELUtR9jDZRIfWP8ApzglWQxuFeKZicZZbxbfgJiYmLhRiMNii/GfBCEJolPBRZZRWIGKLKLJ+ovhIRRD4Ph9c1tx6xEFhj9/ozimbIePD4lzXlomIPQy/lHwQhCOsLxIjo6HNmwn+ovi0+uD5k5UuDGLExj/AEk4USpDgN6kJQo/KXmpdLl+SsfBCEUaRAQuU4UvBaTMQh3j/TXxvQeI++BiVG9XJ86JiG8KfkTklIbEbupCQ3/wSEI7KIpeaCTjUSQS5Mihu/HCPJ+ysQtUuPLHlE9Dmm98k8ZRY/AX5yVIbMo9SEN85t/PhODfFCKPyYbxImasI6EJCn68i7K1M0h/tpxu3lO+0HzWp4T/AB5zSpDZlnxvhfyYQoosoa/gQSxOD4ISEhFWLzJHsJINmNIO/wBP9h+S4VJCLAR9DkP8MvhLV4bxXsyEyWsZS8Fwf6pKkBZBF/iLKUvkQx4QlEEEEjCoRQa+IRCEIPbi8RMQhayIXhvJGKicaO9earFlKQdD/VWri+F4mXKExHqcn4J+SleA3CvghDoZSl0vG7SlL4VqEQghtHQ+w30MhtCbpCBu+GeVYkLPswmXxoQbT6FBtJH8huvxTIJE1dpIObzvITGr9ZE5ILyQnN/kTwJXgN4PVwRS6/DSlLlLlLl4vGLpj/0MSTtRRXlBIWp4XN7CCQkXYkQtXghCwlakPoQ18jGhSRROAKQa2UdZBDV5ORP1EIhNgvGnJ49f408CVI5R+fwnBTzUpeCfIlxSlLxQsQkQ7YJz04m9QsQmCKUomJlReZAgh6JdIo/Kn2zvvEoRRc6H494iiEIJeTZfpoR2G41PhXi8f4k8KVJlw898sIQvoy3Q2xCEIT485oQsRKej6PfXxW07EiE0hDs7wsKV0IsI9FH5moY3Y4bei5TsyC8Li8TF+khI9xAvflSIkPGKLg/xZ4UhYXDD4FyYuFKNn1iLeRD0WZsITZ8oigwhoiP3j4rVhJC5wnAQSraSD2+AnD/bgk2T7CU5peDF8tY/jkkJ35AEP9BovYoNjxcXj/AniQkXFG+C8dFkGgoZPg0NBDGHI8psIQhCEIQhOQIQhPCngs96ZeKEiwUgheei0KPh3F2fc0LwpecP0iyjhCtPixDV84fQ8N8mxbMa/JRSlLwnBIhOa4FUf1EmLwZENR+Ua5NIQnwKNWBl5ISkxYvBSl24hCjyE8adlF5muH2sSi8angk+W/iLKWw6KITrytlG8WvlMf568B8lyLIXCYLsIQhCEIQhCE+Q+SQkfeJfBgizaXxLFxjxIhCBC+GjZbFr85DdZMv/AIeOCdjG+K184NckifjrhNXHxgi6Xh2VllCK4clIIKX5z4rEfYxJ8FBfX5V18CCK/wBiYRSlKUpS7C6Jsf5qxUhsx+9vJCDjD4ryNcV+Wh8KXhNoxCfj7Oyi/DUxwFL8JD4oSPsYnwq/vwaJlHqEMIIrCgisrxZ7/lH8NabgMe3NPoY/KuEGvAh/jUv4CcOysr5ApS+ZciEPs/ILxeXBBZooopRPhZCR/nEEN43nsP14H8NicLwf6kF8+lKUvhQsbgkfayHgXwn4kixrmxJifMaKxYLBBBKJHhkH+bTLjG89z02YSa/OuLwnGl/CQnYkEtkh/rUQsfrglPtYl4aXL5X47H3iTwiFqV5saay6psEo6aH8ZfF5jet77D9Yh1xu+Bah6iEFzhNIQhMnz0JSH2xcn4qE2cV40LiaxIS+NCEIQfk1OnK6mJ4mIp0hkjcbEay4Yfxl8SWNwb1ex+sTHxfFc0M+hH34oT8OYj0+WhCEIThcvN8Fk8ODPZBrCxPlsfjdgxGGVakPlYJ7RBWVHQ0YykT5C+GLS8Zt68L8MJqxl17fx11GF7F6+URSlLl8jfkLEJjIM9haXlRCeKxmNl8dhBRHtnjQk02LCcFjwiijSkTEP6ycfjoJY34m4uZCU7x+BiEj7GToQaG/BnkQ3QhOxP5JfCflrjdj72JfHmpUgMb88Ei4OwSIQeljGURRMIoJRxiBe/ir4CQljY34lxd6DXvyEfZKdIf8jbZN+vy04LdLj+RfipCcLySEseEoXy4Y0Sef2PXHjRCEw8WtaTFlwowb4q86QmNje/XJIeJ8br8SQj0Gz4vg+K4NfCfnYg185Y/Oli4QggohH6EvYl+a+wIRu9vGMIJR9R4toP8Axg3XJ/GXlWJrY/CYxcXl4rix/A9iXgfCE4NeKFscfPQ9jQ9SE+U35lkJsEiCTfo+9ifTxL48EZbg98iQ9B49j142PRB8UROjR7DZax/iixuCHzP2PLway+KEIJD8EITKRsTCSAlCQSUP2H4EP4zY1w9jX462CQliZjH7/CSI+wG/IiCITNImQaJSKYQgxILgfYzaOMfxl5UEsbHwXCl24uTXJYuVxrjCZT2J2f1ErI8tpYNvlIJCfDQi8p41+WmQhBMNfsQuMJ86eYnlOiCyYwxCEESR7cEJxayl+GkJY2N8frxLgtaGuM2cnwpcTj7QgRHeYg0DPofxybCCzmqDrVPIQayeE7vFYnwUvAmUTPJIvBCEITaUpS/BSshD8kJiiEEsbGyYpB5aFQ1SEJc7H1/EXkTGxsZdSvihOK4p5BomJ4aEx+CYoM+xKEkOxOyENeLdlLtH8SCcsQSaTIQg8LQhCGHhMWQmiIQSRqxOV5oS8KaEEITF45xOPLilL5eg/fkoIwIdYlwQgnBIIDD19cvBlnr+IvGut8vY9+FHF8lsGGiCcFQhl75RjQilES+jt/QigRexYz9j1SjZfgwhBMxokOpOMIQmTU1iYnjEExeGlGMfNbCeJI6NQmJ4mJlF5ZhMW3gL4KPxpUX1h6JWJFyfI7EIIILlBHvX8+mMPxF5rgtQ+8PJlZWJZGJgmEqJH/iKC/2RxVhn7GxcpcUvwoNf1ilXFCeCEIMWHPBPILFxpSjY2PlNITYTwKLghMuUTExeb00lwNbdKUuvxr2MI+0dGe3gRcPDRBeAIFWv4q8KViUxsb+CNcUQnXA2TIUL+QmYlXsSi/4RvoTPYj7JsCZ+yylLpS+aE5P7CjnOM2ZCEIUJEnNcGxlGy/CnFIlyQuCYmJ+Yz25ITtMuj8SVZ0CjCFDfUbuU/BSiVIiGIRE5PiH81ITGxvB7+CsYhCCQlw22diCdiKRh/wDCN9Cd7EhAf2EJYftBspS6Uvx7BKXKcZ5K4zwjGPxQhCEJzmrHOSFyTExPyGewucIQjex+FomPpmlEhIo3JjxYkNDtwSGMeIY3wfxVwmpEMo3hR7XNZ9E2lOy2MYlEoSMTBP8AYkIDIl6Ghv7GKXRil+RMObEpxhCEITztZs4Qmmx4+cIJEJsJzMoRSvCuKEITE/Exi9i818CVyR9Ru8XAlzaxI6Qwu3qHrTQs4P5K5zY/CkIfgp2RlCCQSBJIRGJiSL7Gr7GX0hn7GxSlLpfjzgFkhHFkIQhMhCZCEJynCacELg8Y+CExC5VpCEITJ4lzohMTF4GMXvC+AhOFQiSG8niZRFQnyeveKJY3rcPr4vyT4NMYb8MPrnCxBFBFnYnCcSI6DYEfQ0U+ylLpSlL8WEJyAmZYipFiFzhCEIQhCEITjCDEujvF4HqFkxNgkQnxlyQhMXgYxedBM/oT/obL2JwUeJri9i9ZSlZJ8WLlPeFG9bKdLi/JBIfQnluJY2N8Zwqxc7EwmxBB0ITFkkM0hsNFspeApSlL8WEEhBBMJhcN6c18lkHgw8IMNcB65pEJ8heBMT8DPb4D236EkP8AngUes4djJiUoaGXGEEhSBqOhh0SbypS44Kdcr5EYg1hPHQhjGx+CihYSRCmdlZSWJo9D/gZf7FY2UuKLwvxoWxMJhgikwSCWwgw/KvxHrJjGia+ZfhIQni4s9s9PM2CKETox9S3tnuPuYqSEw0TgWUXLEkSLwShr5N+OCC00J4YMZDG+BChPhIQQiLYyhCDoMnmbCspdKXlfipDR09iJKJJxQuSDRNITLyXhvhPi9ZCExrkhfgoQhMXFnvjdcb4UqOqgy95NlMVhpj73jdZdvK4okUutUU+GuUg0PihOPYkhqGMMSIIOt7K3iKmhsN2UUpSlKXzwmJ5Uj7GJF4kuUIMTi+al+C+D8EGiEJwXw750JiEyl1/Abg/8lx8tilIQ1EsqIQx5S80dFi4cDWXm35e4nGCDXFVRQUjrBYxfEIjrCcWNyilKXF8k0mTi0x+RFHRLnCEJyWH4Jk40T+dDohCYviLzoTEL4vSjDFQgiENPodYoG5bWXwL2L0MPJt+C+VPAtCDXBCYmMTETFQ2icUUXi5SlKXyTC1TipEITHj2CcooocYsRLEIQhPBMS1/ApfM+L80IJfiITF8fY1nfgpRrzSx7H1hv4y8QYQa4JiZS4pS8aUvkmkJyngcsMVwqUQQSQNEhcWgkQXKEJyWN/CXkWN7SjZfiwhCEJ8pCYueheWlylylKXxQSx4vQ/DfIkLg0icoPA+F0pSlKXyQmk41lch0ITlMnNnvwXnCeBYx/DXjQ2UpfiQhBInATEJ8W6mJiZS8ZMvwr5UqQVDZ7FjH8KYiwlkEhj5vC14b4YycBCEJxNcIhNnwYNHvwSectfxKJ+BoSxvH8aEITjCYhCE+IsWJ8axC8f//EACMQAQEBAQADAQEBAQEBAQEBAAEAERAgITFBMFFAYVBxgaH/2gAIAQEAAT8QevqHGL7W/j7E1th9bPsp+zatlsj9nkMQtOfnBJb0shvqTZHeZB1j1yXOOpiWj1PjXmVn/LBScf4bHC1D3a//AIRHAIwlfRbT3MBje7L6L/8A2Xt/+KTPGATrN2aglk33Isj0iGxgmRYkqB/7WXjv+M1mW/GnPhOfLOUWWSEB4AxkPcX/AJzD3J6hkEGsI9F9+G33P1z+X04WcH85/Xn37b4b5Sh7jFhmRQ+4ey+L8jjYbZwy2xB8Nttl8t8Nt/lv8H+a9222X+22/wAt/qkmcYkT9ljIM4ZCdlNvu3kYvYF6lIuwkYvTORlubPdjOF7Pv8soZLPdh9WPuYPd7F6WCz8lscZ88giDqfR/8iwFchZYDJPk4fZm3bRcv2QO/wDEkMZcDCgQaJGZKEHuYZJPXznnQx6h98jjdCg2Kk5Of+ZjU75/w3/jJ/LZY+AyDwH6WhpLWJM9sIKLOMWQ0Qe+R5Pq+eT5feLJQ9L7PrxfD4Derh9JN9mH3vsj6vyPkNsNspmobY8AeG222222+G2w2228222O7b4HkTPTi2y2222/x223u923w3m/30n/ADwYRol6tffTBHqZj5Ei9MeKtjH2D+vL3FkIiIW+7S92+4/1fLSCCZDZpmECPuSO2CxaEyiMOvM8SyCL0yx/d75f7BHclN8kbYyfAfUcCv8A8/NoWpAJo/Z7i2M7kcYJq2SWQ6sIZSdDIF/wbEJM9BI7kieskhEa4Loe5/wsm+L0d7HAcxviOcn1x8364lhF6vjl35nPXg/XJ34vtH0lq9MqvZL1M31DbbbK3m2222222222w2/w23u+Bx7vNhj+ey2+G222222+W2293/mFLqTW0L/8iWS45CBYO7MIb4n5ZwjgeubxOykr9nf3k0j2jgBkv2GkX1vthfcF/J/URYfiHYlgkz45ZEkKJk7DdQM++7X5sqTGL9pjEM7JIv0B4zC0/JVrDDO6QixxdmN6J+euHZmRZ0SnzRNyEgPcXq8XhnMkh8EJDSiMqfdBPfD1HkcX3x8365nIP0Sg7Dk+Hi36er8307cMXyWbNi22GHjbbbbbebb474b3ebzfEYZJ8CPHbbbbbbbbeNtttvd7ttttv/aebfcsJaRen5wPXmx9/kBBJl85sJCZNtsIfsaldkLQTEofccydklmFsva+4hASBGakgYwDkgGTwCFKyf5xBgWSEvsL7JPfFrNv3a+0M8nuXvb+DDppCys/rkAwBHcn/wCTprSOnDzZS3pCRw4HoKZjfoh3xyyySSY4AzkDuQ3clBe6wL1Rh7vm++z98BBjfiFstvjNft4ur09Cq2KY+IYbbYbbbYf+Xf5BZwTAtLHTbeBt42223j3e7zf+fe7/AAwzZZqHMOYqy+MoYRJ+wXpLpNuclthh7vnSeLsymcBvi1ZBDP8ALIgk9ybPnE57EeYWUwQcHZIByTEgskhB7giT/JX6R9kN2QOSaQzsGxR/yAH6Mv8AzlrkADIwx37Qev8A9hWXu2/dknHByGeM4OCJWPe/94GHySSegetnvB3yV7nqMJ9R93zH3z831x9EcSyjI+3J5k7bxbVPlL4eV+2WK31bDD0eEf23+2w+H0ttl8Dbxttttvdtt4223/o23+7y0vr1a2Ze8hsfcll9xMgIs93mdeosR/jkZf8AyHBFsyy4bZ0g0iRe8mBbHA3xUjknD1H0Xun52yRMifTIiXxMTqrMZeyevuX2w8vMknH3ExMA+eRObN4ZEcTbRA8Or30RE+efQ/8AaKBjx1ixxKBeoRQM44yvnqNdPUchvm++R6j7wHqAcYWzvnrmffW+7eT4UXuX3K31DbDD0iPHf57/AH7wcXy22222W3/n23/nYvR8tHN22UmMG2wwlJOG2HgTl6nhHyflkxhZGxexGEwsLz8TkmkzHgnwi+JKE5X7zZtR6hL1ljY7KkvaBYML2feDPYuQeQX+9m0hpe0LgPRmQgzuHVna+rSP2XvwGYRwbCI4OrxLl7+kPiRGU3OQaFi21IZTxtTLOJ1+5PU/b7vjnzYwN8Pb+19c1zL++TOfTL7l6t9Q22w22xwthttt/lvdtt/k+bz1bebbbbb/AM+293m2/wBd/nrkJUt4HuNvfByznCzbMcGzTfAtwi3JWy7wssjggb7vmy9ZbXIUJpiyKyrxk29HmkIBEqCQQk4+rF5IXYHhlxn3w+0PaJZ0evePF9QNOACKHJ/T9jW3udu+uDDz34COBENgzg62cTDyvkG3vwwtt1Oo3st/UBt4ERxfUqX2L2b1Hsnskck933Kz/wD3lovtfF6VeX8+CVft6L1D7l9y+rbbbYYjhbDb/Hbeb3bf6OW3hO83/n3m222/9w8Y+5II5KnPUt9vVh3YY3LOkyQ+2Py1k2se42dMhggm2v2BbAk5CIS9SbKG0IQOOLHbCTSIbOXxP3DSZ6tsJUaTI2pWakRPvkVln/y2zyXd2BCsibafG/L62w5KgfT5OU5Nvdh6/I6UcbK2UeS1p4YDQz7e1yJlvTL8k+MXDLMe/ZZ9WGM59l6w4zfSHCz/APaWn/8AL5b9SuxT8zr630vq2fqGL7ltththhiHw2Hm2+W22222/2v1E2Vtv9tt5vN/4t/5VH5e2Y2cnCN2D8I0+zkhfZOZ4gtZbeJk+yZ3o4yyxbe04VW1AjMtrOAh6sD6kUijMIe3tktV9XqktM8GTd2MFnLct7P8AyFe5AshvGR6Y9MSSeQ4/exzhhsZ50FUiCOs6M/iXO5+CNPDc2Sc22YYh4QYlDbbDDK23xRzjOf8A++L7zE8ROJfddu9iXxMdoxrPVYD5CBe6b40I9Np/+UvTfbPInjigz6mfcifPMHV98fq33LbbbbbDEdLbebDbbb4bzf47/CrYi293u922223m/wDzMEZxRmRYMb2Cx7PUuTm0T8s/yOasdgdkPAuSWZBFjk7Lad2GS8jl9XzZb3JE3IZ6yFDu4pPL3vJe21sH62AhGRFsVb3vBkWBbzFtk4e3s432NnJa1+E/4Rp74xRb2F9Vbdg2Mt20j3Zh4OGQww8bwiGG2HkrC3EH3bqP7mpMNfHweA2NfxJ+m+uzq+wWXu5YvZJlr0W6+YG629liw2Qak/lCfd7QMs8tlL7lbbbbDEMQ29PPbbf4b/a22222223m/wAt8t/+I+vnBJwAhSyAxSddn3YSNm9s3y+r1DCHqVMXsst4uzP3oc1sc31DWTHJ6iIkn5A/yIwy2G/TJPdgMz9xwwsO33f55rwe0PQs6xkNg4xbdP8ALFH23+/kDb0/LCsPQXsy9pYt4IpZy2c6wRFkR84QxzYbYeqIcDlq2YPBZZ/1H4HIjdOZr2payvyMj3vrDAm/tC9JhHE9xcXyzSNj29xPiJMXB84paFqXzjspZ5ttvFEW28Lbbbbbbbbe7zfI/i+N8Ntt5tvNtt5vdt8d/rn/AErTlgxh64cicHqH8X6m9Dt8wKTiCTfhZfcgDBPqDbluWVuZzNmZPRjg8ZFgQvbpATcl62fo92UEVj8vZs89cDRLGJq0mp7cCy+L622VbHjZGWND1GHvVtcx9YHH5xP1aMgavse29Ie+9ot9y9CODg8Ii2I4W2xwG22GGWWG3Oo/98IbhfBQPthz3g1vbCB/kuEJ1l++GoIkobMbW2fyOT0ntNHV+Z5bDP2222222GHm/wAN7tvS3zO75vjw2223m2222823/hz/AK97tsa2Z8nDker0cBeHtwngF6+7fC8jASGPCWQ8A6s4PO2BNh6lbsCdHUz+zRsp7reqkjpvjY2DHJC2EQW2A/J1IXqBgkE6QfrGyxzWxx9PRHp9tMYYxfIeKpfOD3enH7ektnn1s4RltsQJhtiOETEfIYbebbbwhkR4fE3U58eIWDMwTpI2awe+ANQezgurGGb9pZBlsjw+Hh8TDLbzeDbD7lbzbYfPe7bHjtvC23w23r5lttt8Nt8N/pn/AMJ6Wqw2N9xJpYNSyb/az/L2TDBajhWZiXuTGMr0s/7ZsEGRruuJOHH1Huy3sHCSQtUN7cI9QfLftobLfNsy98CNebBtvBkye5LLRbBkhl6Ij+ZKtWEEM3y2cnaRxt4ljYxZEcItljVs4rbZT8j7EMQYZh4GGTYbem28DOvsaHsXxHJI+wYsxrR6ireEzG/9IeIjIIOTvwE43HpNsvN5vNh4H+O29222Hw23mw823m+Jerbbbbf/ALJwsLG4I/2JLneBKMsHTGEHu+fsJYYx2YTkDfshMEBwPU7CQ97P0cQgSWFrbG9NTM+3vDOAW3I4d9wmfefcicyRsPuDJ48Jj39cgD/CWb631FlmTDGTnNWvC/ON+wSQQSY8yDwNWyt0thhtnx9MMRHhtscnG29EROSljFDFsCj7tLD2Fpfn8Jn29uDHY3ptNT9TbLbzeDbHBHlsPdt5tsPhttvB5ttvl+bbeb5Z/wDTIhz1bLEGcZoRZ/OZAlixkvF9W9Hzm9icFm9ZesrZg2wt5f8A5gmPX2W2OetvqAt8+oGDaDsg3n2Vs+CMstI8h9Qvd0WJtsLuS5LvfaCIS9KEHz/YY+m+SbU29OR0Y6T9mIW0iJLIGJ46xsR37k59xM2+IveUW22yxDIZ+3pwQd4bD1EzLZSnAxNh4YW+IXzpW0+x8jDb3GT9l642223o8GXdi23m92223pzbbbebHhvN8Pz4Z4H/AM1jxeEMnu+T85qPzZ5Awn/bIUf6ll6L0fZ1Wz3zWxB693uvpBksfe9NqURN9wNRISD3DWOMDJ43b5akiyMD6Xvuw9retkkHCFnqSSR063v6cDTH/E4XtLiYQwsSb9nyfZ//ACSz7DDbw9OPCbBs/YeHfW2EHD0c9iyPfrjdnDeyQyK2222epeEyU3kbbeO9pkxfc2ZzJC+kQ/eAY+8Biw2RnzOt5sPhttvNtt7tttttvDw23xfP8D+2x/zH8GP4DYZUq+Sl9RH0kn8na2Fn9g9QOOX7YLPUh/sjtjssSbDp7imn7Dpwl1ltL2PM2QZiyRNGfqabjmH5xfsqRlpaFirL2XzYclYX+RgiBc2P8ZP8gz6TDS+4b3b5h9k95Y9nqdKw2oTEcDOb1k6dXqVvD9v2D1esuxbHFkX3KzYZbWB7vq1EsZbV928IeYHTERwMMPW2bBkT9rLJxg/fd+7jHyO8Y2KUWMF+2GZPHYi+Obb3fDf4bbbbb0t8d/6RY/5z+DHi+H2PwlkQIERkhj2+W/5AfEdZeSI2Zx4Dwbbt/HhbjBLsQg3py9mIO3qCZ8R6Ri6MVCDg5fRvn5a+2w1Xg+tpjtINsMj7+XuL49fbN93/AJSr/FkPZNq+5EWWW8HwGGyCx+c1a7IggiyIPqe/vC2EyGG3gPDRgZIWUMvcmS+bHh7sF+2cY+CYl7R8j6L3aL47fEF8VgeWQ2NqRNPIiXltvN7vN6+O28P/AIAf8rw8dt4sfyysEvqfUylenkWwEfaCe0WyT6j3shaRrk9MvNSSbTe94oIGfIPc5x+wlpbHuWM6L0gsj2Qx4l9SUbZTekKF6iJduC/ltbmmcvUkdlTG+WL4tl6eO32fD7tyGcDhLY77YcsO7DD1qUHuDHn317sPXhvdtjwXu+Ie5wtnnIdLKvXAeHG1JT4xf2x9WGWWbOE3mWcJRHdtt8tttiX+B47/AMxv/Yee8PDfHL79wf5J6gli/wDy/wAImQJnFGvyPfuPCHIXqB+yZGPQslhMSHuEaJAsrxLjKzeANjCUYZhehbQ92EwbTV9cz1wuyZPpIH2wzWmQP1LPpBzn6/kAWqkqnQP22g9QjmreJ6jhljFvufuQL/BJB04fVtizYzuWREMBxbw+dvskvW2O7x4vc/OnWDluM6LffgEfXFnF82IWeFuJbCLcF6ycIeBQ222293m28222J/gT/wDZN8G2Hx23xHzY/ItfVsasZ62wj1LGfb5PqGxknGWMH5nJRAyIDIJFgcCX5amhN7JU5DI4u7atnyXDYcjV9EmT7e7KTzvV6iH1jCbZD0z/AI231lRZqIABTvxM/L1n5SNT9cMP/wCxp6/Ie0kwWdyOJ0cs0tR7h79RGIRjhmWi9o+pREscIi3m8+p37CDYY8LIOZJkvcvrv1HzgLPdke/njw8viZ4xjWtRLYcG08diDKObb47zbf6httt8nL/5b/FWx18jdOSToln2XhrFe3FLKd4VKLOajAllrelr1t7an0ylgh04JlllkWG3r9wwc9Ekawx9yDMQdbZvlFQCz7qV+PTEhcnCzwewii/PO9UnuF6J/wCyb/8AzIOSyCyyyzgy+CbenN4DZ65+I+XxfXDdOWI4cIhyUv2SZDGyAwalrEXxZx7vrv3L1PP1BHowtvWlPiSeMxJxJiJbwXfHWUPgc3+R8t4f8NkKPP5jZ/1L474iOvl/tuH/AGWdiHIXbchj5z9caxq/J+e7T/JgF+wkX3D6tlTjZZ8S7Bkpoml7MVgQTRC04fbg0ssh8cZta9ZjWGOHyEB6ttZRhj+p1a5nxl3pbZge+RQOXsP/AMhWWZBselngTMRixt9kw6QXtsy0fL3Rbw5DjIZtTwWQ20XtPl2XpfdwEHuHrleBz86vdhOmSQ9d9xn7YS/SG1WzPDhepZJwYbfA423h05tvNt4pelvN4f2geCZ/Q4/6GP4iOPmIYxJDW1vsssNmHYfeHh9LW8FlmeFGd/8AlvFYfcNJITwpJY93jbll+ykhZ3NnfsCAazgHW/Xt4WAlE2USfs8G1sTP/JPZ6qAW9fi+lLaDW5cM6RvUx0jxjjHMkYMMhhZTy31wXYQcPgG18AjkhG9OfuXEMv3f5XxwyxRjpJyXY8Y+phZPqWWvSZQtbTizJHjeNlkHNthiG3u2/wAz57w+W9vwRf74IILJ5vhttvgz/wA7HmyxHhvd4FsHYDZt7fTgGX5sZYnCY4vPsePyYBOH/YiwEhOwtl632ws4UEoQaX3ajPSI2GTUqX2kb1CQlNX3Lhx3xwMIx/lDvyIGw0SIWFlL0dGCfc5wr1zjJoIEDesiRHAOM8Ah4AyyIOdnwNr7iPnKwQRw3hkyxsDmDBl74G829NvbLEMfJgsn4VlvrhcJe+BVrLMsS3YXYLkrlvqfnUnm8yCyyyIYbYbfHfHbYbe7b4nm+YxcJkXmH7ISZb4lGrUQg9Z/52PN4dXw3m25HLGTEVvv2yxvV7sJBgBOBMyyPAE+/Fd9EPU1PXyyY4ntE/IkviZWpkuQPpjBeo5VLTbd9trbLfsRfUuiJ4TASnfFYqLw/Dsl+N7WEllAfpidVkp6ST0yGxjBGydsskjn3PCF3oxyy+tnEywYXsRt9mCI+nB7gxe2zB5CZZ3ZePD0w+pl0eA8DP13Ot0ovAeCfRDPv2GsjN4sMqIcd/x14Q22xFtttvjtsNtvN8XL/F6EGO/I7HKWv+2/yJW32NKX/oPLZ4d3wW22STgpB7ly9RfTAIQQ/luypycnOMmdBwD6hyyULEtR4JRp7YY+vnNnTL2tLSa1dYzKARnsD6l5tsxEQ2TDX/8AIoP/AHgnxbwOCv8AbPK5a/OCQf0Mr36Su5pGPt6o+7Ca1me5yzsuR1Zl9JyyWAnNpE6nvqO7D7lZ6jreyfTswjrbZ4CEQ+5TEPAZ29KGXF6XvwSdWyxJerCb2oy0xvaEfqpZIzzb4sAbA048e7Dw7tttvd6c3u823l8yfss5JmTCmTfHbbfMb98Uf+c8PN4dfBebz2g6cP8ABltIovxwUIZZPQP7YMkl6MZHpIka9wGxjextPdj+X1G5FkhRYUOONkJqzqyzVW228Bk6RZwj0f5fA/Zw2FGfrg6Qykpm8QxmG3nVp9LXQxlbbOTh4Ek5nOSR6WSCTJ5OiF+yISeLTY2QSQSx6Xssshs98I5vgTbH3jYiI8Y4e37GWtGj72cEiWukYwe5PST8NlMMoiS+EAOQ45jJkjdmc9Hu/wACzm229Njwt5vRlCYs2+JbbxtttttsNssP/Sebw6+ZSfccgD2wL08fb1ymEMh9M4L07l7dsJDm7PfePkxClpDeCXoyjs6b0jse7ZyLXePbQnVvTxHCzIEL7yX5/tuHNyUiyjvAMOMYiSMkz7B9ILCTegS/YnmyW6uiY4Jk89eCZn4WJ9L1bbNiROzx85TvpPYcCLCbnAie5HH51cI6DDp4GcsrQ33vrBeBxniT0RalsiQGJCafrJiXrPC3T/VrFNrZRJYcPE8d6eG22xw5Xv8AgrLS8Fttthttttttttthht4fX/M8PNtjjPg28ZotGX6kpIwYwZkBsh9mHL3ECR5stts4P94Msx6gj3BJwsncxLEkkvQGXXbbYLM6eA7otP2AFDY+W7C4lzpbX3lidapicDihPlkRGV+Sj6W4L9K9ojx//SQjiEg7HEd+kFgm3okY5jWdHgGQLPcnqc4fube+0ODZuWqD1KzjhHAn5LMRHRvdg9dMfC+oN+994lkiMNgSH1nrA9+GdgaJhmJhDIwjAPbOuDwIbfcR/g22c/J/4AQyv1mebbbbbb5gHAd43/meHmvDjPgvcyBvi92wG3Lb7aPlons+rNvkt9TpwlJHpyHAeayvlwLIcbFs4/bc5bG7YkPs3qngtthjrbb4JP8AtKXvwHedgQODbCYRlSzUQYpPyW4n5OEaWn3eyPtnWZP59/xe+9Mh9sr6jSOsHst9RaSD7vVsepb1PDOwenFr0NvUPeGIX+XCIOAYeA6cnTwuSxwp7uyoifW+uChmw/qPM/LP+wlLC23zWQ1bYZ7OCIb0W9eE4Tm222z93xP3zGIvB8TszLzbbbebbbbbDbDyf87/ABYjr3ZeCWSIDHLbG8AT7h74CDDsnbX6vz20dizn7kWQ5f8AiXmyW5L76x7ItBmZXp6t6MNs+0syvNCYK2H1PXirbOKDBzYu8dIRG9DD8Y8xgMUpPhrfumU2PeMl21H1Ivq9TCyYTmA2oWpIdI2GcBeesY2B6sQnxbCdJCEmbswnRh4Mj5Ml+2RD36ihe5fsIcOY4WV6p5ySkysbSQL/APdqvdtS222w2wWH8ts/YQw2+G2Z9b0e7x8H757KfI4NQgL9Mjv1Tx57gbTDYX+2f9sf7f8AtAf2B/Y/9y+2wZb1H/g3wYjy3gjjPg9Ju3y0LG2cNoyW35OEzc9E/wDmKmNmnycZ4LeF98GPb1Ls6IZC/fZaTPy9wTr3wObbbHBtlni3Tb0bb3EeY9peyIbIEB9ycofxgS18NnfTDgYm0ikIVXw2YstYookYZG+ubDg9G9iX/kn2EE+Tn0gktjs7vVDhlbtkQ9w+ohD1B1iAn4YiyJw935x9GI59Xwj6n7PC5b7MJNpZL5lPWCEKU5sS3ZO0bfAtLZCXZUPqE3i33bKOfNtgwcnr4/csf43p0iG//rHwj/j5Bs5OWnQdu/8Aa/8Aa1bj/SB/YPxYN7bLLCwj1D/xsfwYjjPg9K8YQGdTT1M9er07kB+WBH9tJ9cAF7cDRvczfZPoyzkvpbxA5J7vRwsIWH2dK8DJi822LbbZZ5nmKTeksUr/AGQPzIqG+rdmxT1wwpLP8c5+2P7iwWfw4nUEvzeSzciZCVNJic+yOQXruDsEjKtXvnIx8ht2BPvIYfd88aGxjjB9sjyyY7PCImPu+Tl9TfF98BgJhPpuTn/J+X2ht4OB5xYqyXwL1aMnsYH7G1mIlxwjN90tL04KtQ23m22zvTbbbbbbbz1JfEhief8A7wmbfkgjRPvllllkwLfswDyY/wCNjzZ8GS+BBD/6sHIMvY9cEcJsOxCZ6ghJSUnuwEx8tRtizrJp9wY2D8kjbNhOS3hS6SyD1GRN9YJi22222/3C5NrCae2Za2FnjZb72Vv2XbJMqbfeGcTGVNeo0xiYgOTDpNyESEyBkToSR+Fs+kBfLf4WNhf+0uWWHbDmeQPOPQSMeocPvB4S+4cHj631FhAlfb18APH6XwXuR92XzyvdsoVjGEOeoe9kje4GBYn78VXmWMr4MExkxT7/ALfQXshRL7KmEpthvznUz05tvBtt5vCxER88SLYbCfTMbbst+wMNhbsbGBhQoTA/YXw/if8ADvQizwaLCwsLS0tLEQupUrLJaL9jg1gDgZHo4UW2HLKfb0ZZDKH7xqPqa+oZC7L1mx0mIiIiK1ZnY+x699Hu+Q8c5nM4OR6YCI8TULvO32GQgFaQGzJDMJ7lDGOBRIkcMOPmI0klCH/Ir1bxPV6hJyY6OW2eBGyYlsJL3xuZemD3D1HbZLhxokemTknBbtnoIc+iGKSE+fqYZwz/AC9qvuDk+hs5rkoUydWI/Ja/ZqR9haHFH0vxiX0PkN9EADgvMtf3hsMMKNsS9G23pbHNtt5tvB87vDow+JvsBYv/AC5YsP5/sf8AAvG282NgeLLbzJ5ttsRrVvayzAhST6SSCZ1mmyoLD62Y5HAr9lCkMKP9Wkfd8cnxzAntidkSFqwZKZfDfE8M5ngMObbHDFsJaQwRqzH8YsT3LUJUI5tnkzMZMr6givBNnMkiZ+xv/BGajYHf2Fok0fSUNs2NNgMhHoD1HrkdiE+ZI++EhBzJYX2OeOAOHkB6Yn1j5m+OgnjvcB8hBECRXLY8H3+k6gxLbYdOfJ8R9RjB6L29qT49EZWrnwlwW22GVjMrDxi3m+AzFtt5tvA22822HhD4mPsf8J/Xebw9rILIhfmg9iz6t4cSOHW8SHL2Jm0YJevkBFR/Y2ZbfnMnYNlna9fZch3hZIWSDH0W3rOxiYHRSrBLi/1zgmfwLYtht4Qj2InJdFmaBsn1ZOMs9ieo/g3xesnuwf5TibbGzT3QEr+u7PDixJiQX3xmDCZe57EMMsJXpvZwZ/3jVrg6SScI4ZR9NjBGRl72gg0l2H+zvFlgxDRn0GDY/PsK9Fvq3o3xLSJb8h+sIQuH2ylW3C2223r0XpjR/o93gyh/gR4lfX/EeW+O282WXkjg8P29LXhkHMsLOZsGxJNk8l29YiyRxnZsWd2wz8k7LYs2+vsxeor84BG3xMl6LfJWWCWW2f5BBZ/bbebEQzsgSr9HwG/eAmTLaLkqjzAhMg70R7iyESX/AJM9if5sqQ5Ke0+Kb2Ie4NvYQXRYOQYz9hB6jj45YfcMKFbDxyWMCSAmCJvrhCpfkTGsC4xGZnvkfUImM98lAavkcn3IX4tsG2JXPFxgD1ZWSyZ7M7qvZM23g8XuI2Yxb3bbbZY4PWfAvHbenif7t7+923z2222WXihtt7liz+GlmxPangWJIcIC1fUvuA8U57tmN7ve+5WWQjj3Y+E/ZgRplsb9gKr/AMvrKBLb/Eg1ggs/qeP7EQwyoRhUawzHl8mEzLTJsfUJiyQ0f3AaMiHgHctDLR8sL1E9gBhPuI0dKFl9wWdI+CStljSH15URwLI4xm23gmIb0pMkB8necTswLY6I/KeP3i9xEj724xoSPqY39je7ej4kQ8E9eC2y28bbbDzfAI5CT+Fjr1lr+rH3y3w2222WWW2UNttiz33aQNrxB53b35Frti2W2Gb/AMrd8tnjjJMk1IhssL2W7GmM3o9S+iwvsMW0jwP8c4A/meO+JwiIYsj7hL7ls6WxlmAk6G9NIjtiIafGENG9h9zIbaPshhyCYWJbIEPCSQWWt9wMOnM5xY2x5UiBnQcemWcHBF6M/LZX73oxwWUn7ki1kpAjSgN7T0ekyP6arJYlDwLPvg23h0Ok/ebLbbbb0i222LO/ZEHm+AwvqObbCCMbenTg4xD10GzwY/httttsts289UcMsscEyCJtt5t95AbkngjJka+7UsjwX+Mr0e7DUm/EMTZJL4SIM74ZjcGZGWEfc+4Pqefttwt78w/gvhpYsWeGzHV6fUCw22Q/5FNZcJwgwb7jo3Zy6mQkvzV6wpG3Bs6Zt/7SvWGKMcCoZ27LDPy3vBmz6Lbv5tgl0HuPqzpZ1Tpe8Ihlbb4bhejDmWDYWEhQ+A2xYY6EhU9kcVuWUDJbwGIgw9HpEMp8bbPkc22WGOZz1YmaPkXzfd+cWI4PONWh7j/1P6LZCQkFp8lk2yw+e+Gy82eH3k8DwDjbb062JOWlmuSdGDIk9yGCwxQgJMdyxZC2Cs00lFqPUeLLW8CB07J1m7KX8A/ibYme9vge0yN6cIXmF69QlggOHkQzhoM+zXtAGjD/ALM6ehHtLENbbCIoZWuwjbZAj3ttbbOSiZy+jky9y9dDLxMmx98XgXrPXpD487D3EeWaBthR9b2b8+RAYA225eq9/IfUOEcEubMPCGJcbbbbb0i3qjrefV6v4FF7viSXaLUBH+1/iyD7v/W3/b/0v/S/9r/0YH9R/s2n69OeJvnvgzD7vmLbbeENsGsR8lt8CPHze62shzexksHvb/ENNlLHBemV2DkqfJGYEvrghYwe4Y5nPZIYwZ7jzJAM7T+BB05+Wkkk3tbLDHuVPDxvC2SIcXf5a/WWsJj3LtJIjbNG/wBKcvf2+03392qNgVIZcECGyBnYNlCbCHHong+xJkPd9w9RY+wEuF+XrbbyHjK3ZZe5SWIjgEEI8tfAfqM+tlhfZfUwTAFP3LxcvUnqY4MxeDZ3ciODNt8Ntht6sx4w4XfIjMX3IfOSvnn+L/wv/CE4C/2Cgvyw8C/tspY+whYOBQWGL6j5L3PiSyUp9wQpZwbkb3BjsARRbCS23qP84LSEODZuQ9yHzhjYw5vEjJeharP8JfyHgsJf4SnhDMEep1wgwl3RvUnl624xEZsWpYhIM2JRsEtZluwn/U6Nsy2EJj8g2fZwWEfkAgtYywvSUwe+DS0nEeuT7cPhBpyZeR6QyxDPDvDojj89exEifUASNElh+RPE/wDb/CK9vcsNstEzL6h6228UcZ+HYbbYbeDwnpLyHm+SgNnkUTH+HIH+WLCz+G8Uu7/NZera3uN5Ij7gyP2z4jP2XzL2vqJknD94XPbZSWW29XqRbS2jTks2UadfdmSxt3gWHH5MMLFl7zwbdn7nwyzp4ASMr5ZB4CX1PCNuEtvNiNlG3BNCXwl+zpsn0lWcErbCMoM+4n7tiOEhk5t7NgdjWAy2h+RyKOlmPREZsmnkIkjwA4Qg8H76+o4+YctaMmUkzc0gQYZ1Pc9JiJts9Xo+JvVBJ0ZHAltvd4RHgffAREvNt8N/4T3+vv8ABZiIXMCAiOLyPV83ei9ExMwBPgWmCNIkly9qMY2clhGmQQOLNc+rKWVk9BPElEni4PjnHhxc4KehCtlkNhSZZwnuOT6WccXfaACaMkZQzYwzM8Ezh56j7HkmH3MZaFsp+Wq0vchqb6lYm435sIviVt7E4YZTMgTZ2IOCeCLIOi3n3xfB7xvufrmcbA4fggAGuN6CwpVb2LdZEj9sRxhht52GZStnDIZQjh8Dmw2xLz6hwttiIlbbD4q+fD8/23j/AKXrPDrB4EQ92EfqfMZ+pcJZsb94o5F+N7tLUucLUR9lYXv+2Ev8LI+vcGsL5Py2fdrY2QSXu/L03s2fwObzek57vsZL+lhZJPgQz5YHuKJfJdPs/Vstts8mhUIaykRSMPcprMeFV4GMfXFmjg9HD1L6m7Cjyw++D7nt7k/b4hlrHIz2OmpkiXzbMTbHgxxsNsNkw6cevxyvXNQFgt9l7kuEwvZP7yYOffBEWz7sMpZR9jB23j9mfMiJfdt9X5w6PgfyXz/37PPqPAiOscC+Zl8hkZ9hsWJM0WyMgcL1fYL1JGM9fPZycX/pKPuIWJg2Uw2ycIj1Ytlqw0T6u6vq3xJJ4TF78CMJ+Z6lHABrbeEz8sXJxfB+pZebDbASMRcMsvoWHsg8IcvVJkP4ZSx1L1JM4/I+2dJ42GDLJSaTHpe0yk/bOSB41PHzxtl5uWGIlht4/ZOg2vgt6/F9zl9Wl3p7GIBNjXOk+eufWSJfEfwZNunG2mfascmz5kc22+on7Dw/kr56v+1vGZeP3ExYsQIH1lPtkfb1JNJs+AVw/wAWV/fCVrXbfxYFIwL8mGQRFJFGJDzfUxYYYZ0hfOEj1+355PXZDYe9LJWylbbENWkZZPfifAe78KLjl8wJs0quSrYVEz17nHlvgMPAww24QtT+tpINElGSQgmSPsSkWTt7Xu3SXuBx5loWcb6vqCVkVlR66EPX8zcts4mL5bL0klsUz3GLy8ODMmMpL8yPtmgSMlJ9PDpmDK9QkCMNmqUfe7DybJgjlKq3+BE/OD0/UN7eR4rGAJm72YxFIf8Am/8Azb/y0/OI884NQNkA9CAIPFv83npwG4DNh/6vf+3v/bP/AGCyywvV6nLS0tJEN7/C/E+YzIJNDpI8bwu8FfLR94HvpKhvOkYUreJiz3HoZr+Xum+iUUTwbakQUVesOlqsTgbAkdm3gq2eFpwciPNiOkN6W4pwNBH5pP8AL1YcZ4nZsNv/AHs6ePueBVsQH3I6MGW4Z75e0zb5thsZJSskwv3jGSzkZieL0lEmeHyp6SyR0iwN9Tn7kN6Eel7eo48HTPuc+4Q4MOQv1YMftse0kWP3mxiGwLEL149Hp4ET84X1Db6qGdtvCPHbZhjAXhOmrElA2fLKybM+Lf8A699r15LWPnji3/lf+y/9F/7r/wB9/wC+f98/7L/1T/la/wAkeDa2tra3u92TG1atQ0P8GX+Qsf7gf2FvxC/zv+VzYoAdhgsmazqMn7HVCxCHS0hNZLUkEDMDSC9F9BCft9wg7i+m5M++Ow+GEnhz2RhCbGCLeFdl4+ZD0iOFsNsMMphJk08Tks4zZAX3ORLUcIszKWF7XpzskDb6ldvjinpx+Xuzr4hl0no9S48JW+H3D0vTikw+Xser3nIJIsD2bP5YJzMf7fUiJ9R6YH7Yr7p7iYyMcbbYZD7EhYj95hExnoYfk5aX2wTAn/8AF6dGcOWeAQcfnfo8RDwPHAtltsIQW+v/AO9/63/rf+lr/t7vfkneCE/kUWGmf5Y/kf4R/jEkEiR/4wn+W81/kX/Jr+Ft+HNW/wAWU+TREfjNEvgD6rH4tj4jeny5+S0tvsP9KP2gPyy/yf1EDBAnENvMIzgY29XsiySPdOl6WxF2WSBtmx4GOM4ls230L2SJdAWs+5feVj4bHFITDhb7gPAL2gD6lbL3bbL45YWQR4EeAwxOgSdGxyVSuvyZ4kt2OFvvJIsZZpY3OfsME+klrg9x4r64S9Wwz1er3RdhiOv3PQ5UOWetft8ilj3kz0C9OJFYcGZe4b3iAvRDH1N7kDGci9PEWPBOksbH/Pjg6RMY9Q8DDfsE+iyK2w8RJvtipxPA6uv2+Iwh/TWI2WNjY2WWWWWWWXq9Xq0ir6JOe236uwHqv0pf6s7Phtrbbat3/tZ/th+o/wBEBCDZ34z/ANzfsb9IFhxyWIfUn8iDAX4i/ES/2W/Ur+pT9ZpNbGzecSBkgv2ZswWPyDnyZNywYcJaWUrS0t4kF+xkcs+wL2iJqA2ftPmW9lhJ/hflks5sPBnGTNgkBiYYqW/bjfJVZGZCi4s8CJ8QfWxWrEY9fVqR3S1yktQD7IZEJG4OSzZByTJN5d3g9rYgMCyHgPuei8Ehe6V+SL3wGFhAvq+HOdI7uT/vF/UpTgu3vX7aFbBepDgaBbMWUB71sMEdfhaGO8eyzhHP1/UXp+x3KMZHtUGoEsSFC3ti/LojLMWWcOHGRDfPb4/kO2ZMzIZ88IyRUb0Gz/yxmNpUf6mf+ts+MvrNlllklljC/FDfvjQiX7kvqkTxRh5rIzQvxiD8EQB0/wBt/mnSv3KfVP8ApK/22223gQrJjhzLLLJ4y5akYEsBAnl6/WNl4DtgzYS3uw5hJViP1P8Avf8ApL37L4XgTlnB8Xhn2ROYb38bIhsroX+J4HVbJqTE4t6teP5e0RPfIDn0wP8AYkIxjSUZHYHn6xOfUp8HhhmcfEvfTejwee7ndWng6+74chBF7j6YN7FevZC/JpUh6b60Z1BGK2MslD7jnfyeGHBYfrb/ALvq2D2dYHfOVkFZKhkLcmEPshnuPsdMziDZ0jnCCWX3F8/yNmsV/wCc4fIDD/CD/lj/ACxYsWLLIhWC/wAT9THA6BvivjR/1yOGu8CB8F/5SJEP3F+5HSA/JLz034d+iNf+019v079l9pv2Ib9vcy1WDe73zb3zVv8AyT+r8iX9b7hslIWI4bZefqgJX7AJ/CIxTvARK8DSSC+2OX2F7tXW3jbLzbYYeNh7ttvQpUCOheze61ZZY2QMf0yyOgut6Yt9WTCSJSMgHqHFbQtvhaF8h05IsBOh72bMPHoQ2w7KN8cG+T1tMtth8qIYsnNh4GsUAY+uPy/cTB+FiHwtpk5+Bw6OCUMPFskLfljE+Lre+e5h9SD2zjhsjwbGSJA+ifOVJSnmZCI9ELIi+vBPm+bH2OJ6vqO5ZZZCsD7P+CWtw/8AIf4oX4pE/SwfrzHwBYHFtkfqcx+JfIL/AHYb6xEGW8+sLUz1fE9z3s5sM+X6l+lafeX/AI9/gtPzpf8AhH+UF+QX4g/wvTsUyygSD9tSeecZZa0dnW+Nq8AyPYhwuWrIOFywD8tEzEGSu2xLPHw3wBbDbbwMQ3yhWZl92Qssss/sPM4fb1y5dsgmGYmh75YnkGXsT64LxhbGpGb7kZ6Ik9cMZCMcc2fl7zC9JJb0On1M/Vk3vw/Zck4viyfkY+IgPP3gbL2p9eHRiPcxrGOZYe0hJ9C8Ez8M4bVbepNg/JLOSiWcVATIPsZlDnF+YaSz6cgzocvno/4pBCyYOwQoT8YT4oX9SvyK0hv2BwH5BQH4IH4LD/PBEn+L7gh/6kfCfXL9Sxv6wUB+WeG22z9gv3NvShKdgTuJzeBHxvmT7Dfcb9MgPEF9gWtjs34m/sW2NRs7kW3YOzn7f+mIQk+3vbdi3qyDS2j0g+r87Z73fc5EXZsHBtZfBnz3zGGGLQliF93qZ+/z2Xw3mxN4ERbbRZfK+YZzvC4Dk/cwyI7FT5MMfXA9StipH3ZIzyDtnq9sl7MIILIIOH1MF9Xz4+0eXSO5HNes35ezjhtvgZeHfaPlnK/Q92n56viTsEy88/WXhJ6nn3fGR+2JpSWyxP8AcD9vkXt3Y2HsQnvNnXuPrm2RF9Xzwe/GEEKE/GV8Vr+5zP1X6YfpD/WH+QoF+L/xLFhZ5In/AFJGAn/M+MT+9v3LDfrBwP5APzy2WSX1Ib4XznJ+5d5mcD7BYe4xic23gR+3x4N7bcvux+pZ4DaMMCEgC0b2JR9QmyHtEGWEHL2lhCMIbGQY+pTfVpPFw2+wS37L44z/AJWpxZZZe7IyU8Thwu3A0zO/fN/htvhvNt4MQiZmwEzbCV+LIyD1P2Y+wg1nyCK2WjzTj9bEnuDL2TyBMnDIhKfbEQs68KFtHZ68by/1PtL8lhsXoTOMQbHpJVNvhthLeeluIDBmuGbBWt+fPrY2Zll9Q7IS5IgmN+TDFji2xtsMpfq3qBfCQbcbMniXrwZeqU+i+Zwz9m/1Y30h/mB8MB+Fpjm/+t/73/vf+s/73/vf+vf/APCR/lr8n/jf+En9lfs0+rl/4wf5BfljwfDZBfeg/k/5fYUq/bLOEPOpznjzOebbbDEJttt9Q+XyT5JOI0+QksRZocVf22S+r4bAgCOQQlu7Ek9y2S9WDIsrPRMn8hDGyhgYn4S/hA+nDGb/ABCcA7Z7t6X7eG8W223u+ZBGzmQDDjvkvokhzB64293sAEyw5OOVsNU/fPmzzqJ4paXzM/YY4OEkYbfUIPUnN92Vplvq9mWo/uSvdKsYdk9VnrfLZC1tfjCzRrpFMh3K7MIYWyzfZMjLaysGc2Fgl6sdiS1BQsE+zFIQpfYqLgtj829k7dsB9vAJ+HH/AKoT9h/2EvVhZOuuLLY8C3lf+HL/AMrFh/He7KX0kv3r8hM+X1le1u3zll6ttmbbwpf7cDVpPNttjgG3n0X4vksCxe8YRZJw+sbAmbSB+wGMLb9jYwTUgvtkt8DTfMIfX7BPRAC0sLXaimbG/Rk/xZZxkpuaRYBJrMnuAEn74bzf6jhtI+F/gYPyt/8AUybHQE+62+r7gvu+IRFYuepNriNtqmWCt92RPb7iCySJ5MThfcPH1EEFkeEVh7viSTge75lk9i+F6g/Z++k3uX1Tg2+GvQs3MNbTPqOemIK22QAskHwvvHM4dbMlHGH4s/pAkg8Tb9TkgtjgKKSwlX1Ju3Cj/aB/Yf7Bhv2/1Z/7fuS/2y2ks55Bt7vNtt5ttvNttkQ/ov2r8BL+F+sz+y29vnF68ZJPHiy2222xiU9QcL3YYYbYb6l84XqcYliAcTNYcSCv/aT9WyNhH2W/togPa32yW9yYzIzNlPQL2YEyaYQ4lBZo2sbhKrMnv+BDcMfL17kChB692My2dgHbYD5bbbbbb/Ujy0YwGVPl/wCNsQF8t9SGC+LEX1ejgvqX1e0SYKR/qefshtvrh6ySdMhjfUM9jgjg9PA93o3zbLYS9kGTnRiRYJffTn3y+jPuzIYshgXowt6yy+TMD4S2bCXZHAGSR7Z5pg98GSX3ZpZeutgQyPvQT4bf+UL8ln5AzkiyOMCPDbbZbeCbkP2L+xv2BzWP9cMW0WX2A9NttttttkPqQfzF+e5UPwlv2Wfsbf6xGX5Afln/ACxxiZJJmZmWXm283g3s8psMQYvq/F8EP+yGGRuWIueiAQkstUvaGcGJKSn7xNhB46cyEywmG4FvcuEH3GkWofVZVvUnxyCfAFsGZ/YvzkKEc5nAWuDKyv8AyAjt83jS0i0F/jZJ/wCpOB98bL24b6p3YbZTSF4UFnkTZ+revRJBHe6J6xBhjh9S4H3P1wsS9woSGUZl/wAJtiPAB7L8fGf8tg+5+Vsj6MthGi2WyPUiqo9DI5BIyuLGfL6vjjxcVOb9xGzF9EtoCZ9hsVrXhu94Czw22223pttsQjExnvgN8rMtEW9W+wL/ANyTgJ9yyvrA+wvyy+Fnk8ZkmZmZmZ/hsvqXm2w2wwyh7h8h6h77ZAQsHeZ64UuMLCtrAkpn1K2zgv8AJlvMgm09WXHxVD+sWVPhLar5s+IQ9kwYQBpEIsdDeuSDPRHDZ23A/wDGEITBYPqG3hm+OpyLD3HNbOT1Z2cIREtpI4WzP3L1DbDwyCLkMYg+ojwPm+uT7fEfU8Ds4MgCKwJFV4QR/FyEGSRi9sJv1WAzC+sLTiR9RfX2zo/LZi+beZZZDbL5SvspASDpFLnjttttstttsNtsMTGfEb9YHuNp3wC9Hq+AT+xj2FA/b8aC/IzwerPGfBmZnhlOC2+eyz5EPd/V6jjfUNS7u2R7n+R8cF7kUbGL8JdntsTNkeCZXhitILCLb4sLU1W/eb5ZJZ4F9kKNtRnCNYMhDo9KWG/4mR/2wn/gIdB/SJzMhnDx8Ah7ilFZCQT8mx06KPCQJvuPl9cbXNs7besMRwI57k+09qDC+Z4FibnQ/keER5NvE2If27MvsigkcsLSf1vhDrvu/OPPjxZ4T8Wykjy2223m22823uxN4MX+7GnC8BGZ8YSCRbbbaW22222y+LxmclJJ+wIZcqW3zW3p4RHDlk9WgY/7CyypYnsjw92Ihs2FzZJMXg2XFW9+QYUTD6y2ehKbfDOZZBZZJNllkHGILN9yST0mH7ftsCOyIsqW+OWeB5BBGM0Mi9wglOm/aUtbaHu+wL2Xt7uz7jhuy8ENvczwfIib1n0l7vTfXPmEIRwXtshft8Ts4wwkTHZ6mXhw8Vt6tkyMmmxDWDM6mvYe+PP3Po8H68XjPAOLxmWWW22W223m8223m2xCY2WW5FUkG+X5Nuy5/Kd7YsWJMh+wf3wSETS37xtttvlsvgzbDDETeDZnJ9AZbYpnVnjskAyZ8loj/U4H2+njdbbb8sWzqE2D6ihxHYbPvvCVe506FlnXuQQQXuhnwLNbP29H2IPTNs20Z8M5nA/8v/Nv/Nv/ACteJCxY41ESnuaITxnBqR4QC9cvnPYZe+PmOLXDwXtBDj7lNhD6iLYn0jPBwONth4b756pYmxPSfsmHUvCOHF4tvNEP64OxwSxmDJGR5ogvviyd93xx7Y8BN/pAFss8WWWWW22223m+RbbDDHCuxvh9l+SyWccFOeLMiy/ZMB+zGn/Wf9ppTalbbf46cLbbzeM8IkMDbPfUjfyZ9V/Vttn03u92vAGQL2v9p8LZkCRn/kCM3wbaOrJXuLCfl6Z/4X/nI/lk/I/ytf5L/wAkeLPgNtsEljv1sP2f8sBmyrwyyybAM4KYRyX38ibCflWYr+XtDw37K4zf7cZ1gIGph5UuBbxWJCexKvUsb9jFjEzJLLCQQhx9cDbOmJXsQYyZN2998eR9zFkiyCEzLIniHhHDu+Hpej7t7V9F+CNWLjGz4tY+xPuJyo+/IY4r+QP2AfJbeLLLLLLLPjtttttttvjsMMVI8J9G2M2PeM8NauX/ALP+ktLtTN5tttv8Ntmbbbze7x58A2z30Wiw29ZVPb4oSWcAXr+2y/8ASUy7x5hfJO2s12feFrzIcUIkD+cMH5OXqB/k28dyWa3iPDXhqNb3lEosiOsJUbAgQmGcT0Jz7dl8SFgv2fgKR+r7Ti9lrYQj0fsat6hDWATQ4e8LWfflkWIxJkx0ODyWwzch9W428CGHwgMC+OPOXzCxAknmGFnNlqzw6W+OS/onWz8Jc9tvfTYwAWL5fFbIfJPAX3Zzx/ZbfkuBYEvHiy22yyy22222+O823w23g2wxCE2JsMlsrtq222222222223z3jebbzeb3SQTBrMDmEVrmx8ve/Mnhln5Jlk2scXmMpv1pSXXomR9vyIdb7bZzNzN3LnHveS6Z/hk9toX5C0JoMY+Rvya72Mj+8M+RBK+hB6MI5/MIs4Zy263rEVkYZemONmkwYSGzCDEEzZ1fsHgwXZZ7fdkUQ+wR67BBZwy9xF8hzMc/LPIzvhfnL347HPt/wCVki4FjDhBYL3rFXq5FjOnohW+hab9skkcGxmpl9GN9MfXQLzRnuBfDm8etssyyyy222283m22+G+ewwww22wywy222222222823m+OnTevNt5vfcOWs/gWbisdP73qdf4JzJCaT3n/cBBBJetmBrsfsGUvdPnFIjN8g2Vmrnscci0fWFoTH1M+sp/gEnM9zaW2GQgMvTjZ3BsAsT1KzPDPkQ22CISBInq2mEyCVWstIm8ETnDkMIvbFMvy93uEPTybCCHCPkXJLeOMCJEzjbZeDspujqQwL1VovIW23vUk5TICyR1ghgWXqvenY/1e3lv9CH4jj3IuBYaMIv17SghwL4eTp8tnyL1q+b4HjLLLxllllllttt895ttttttsNvNhhjozbL3bbebzbbelnF423m9ebbbbwNjCEo3uAYL9X+D0T/YCed9TlRzFpbnGFuN+p3Ga+RDBHywmEvy/wBojPuIL/1fsT+8L6UCbfJ1zfIj3BMSFqkJjCCJnbWm22VevD5EEEiaAjp8EPfc8bvsiS14LIy92aR9ScZC7DYji+4euQQR9hhiG2eVjbI2H1L318PGXpHAiIXzfaw/iDdlz16g/nuCzg4IB9Sw19ZBQeOjL3+QCEsEmVwNWqGwLA6+DbxZZl4LLLb4bb57/PYY8CeNvN8d8Qtt423x23m28DejeOC1jueSyJg2vBtYSs+4Qm1rLMSoAmJpGAyATwCCIdGD3E+N8H5Z/slbfJT/AHoNkyH9Tk+yJmzL3D1nhnxCEp8Wcj3Teh07OOBZJDiXxhehFL3fCYDY8Bkv8g2MRvjODk85y+WMvdhBkR94yAVt3N6R8hyW2R92Q5+krP3Ofm+WHt8xKgEfoY/1Agssstoxz6O/krMxNgD2hGRWSfWPQgFgeT1mZZZZZi2y2zbzfDbfPbfLbeDpx4+L4bwL5M2223u82214MC3o9s/IlXjhBECyzyUkzXUz1LLX/ZW2nAzq1p4Czppe0yEOJ2GsZgiAe20Razn2/wD1jTJm8Xu+RAt6bJL7kQhekr+yMI+Lwz4EFoJhg0wN5k37HHl+8qhm/eQaWEZnDE9sh7tTg6Mg4Bwp92SvnhkBvDGEg2XsjiYeAEIuBiSxgF9XzN9mKLPgCyJphE/PcYIIILOCjbPqymKoINDrbQYeEj5fSZ818GZZZjGLLMtv/KPCIeTx8Nt8A4zebbw5ttrzbYL1l+k/GSTT0SkCyzwUkl/hKeGsW2RZ9octdiYjrabjLwFkQpGIECw54ZnM2Se29TFtVej7A2ZLvnvkcK+4r1Ny2Qstcb0d3hnwILR2P2gORgeA3qSBk9SQcx6L2kXt3J65myget4UlkNJViemEvXGw9WWcCZ97CJkEMoZvmYmAPUcP1zZmT14GsCEyQMCIEQhAWcb6jM6V/YF+QPgttt8d4tvWZZZZZiyyy2283zPLeb47HAeLLzbbbfAgtlt5vdtttjgsWvtb8/ABeKQEcM8dCElZbLMYvvqNvCJLMiFvpsle4OikIyE6+7DpbvLD7W4Oe1bA+sJucxZ6/wAi0OdS2+Gwxb4dZmfALZiBYDLcHgLLJIcfZJCAEkTj/Uym35e88D7wfLU/Ach2SMIJOgQ1h66fVggMf5e9tryETx79IAcfoZ/wQGwlqZe9l+dDYUYRCkBGWH7f7iR/YXyT8L96R+vH+jLbbbLKWUspbZlltt7vlvlvkQQjwJ4vd7sQTFbebbbbbbLbxuwxP8R7neQETIPBYQv8JF2dZmM16e71ghr5erEbYt6WQgyPFggerIhN8lhyBYXtYNXLVPdlnX1OBrEOYsvN/qtv8TwDiTPHmQQWbYhAmICLHGZiSCK2lbUhASGD6jLDhFLJIcFkzIiHq2c3we1glxl6jsEeSLIwQSTLCE+I+fYqXW077k0SEiSL9rM/UhEHzf8ABNb/ALf+8r+3/tK/023u2zLLLbMWYrZZZZf57/XfAPIJe/vgASre7bbM22Zq2LeIs6+GwkTLLO6ESdlt+FfoxO0l77gt8fSMASz7g4MLMjeJAEJ1hL1WcQ9rHIOxn3gvXMZtbev8943p/cPD0ggssixZhYMthlmLPXUjCPvAPG3twS0EfVo3p8EpZHMC9sO8CGShlD222sOCI8JtdR65nhZBiXoLGZfIcvrXb6w39iFIQhMcbb4bb4bzbbbbbZ4zMsssszLL3f8AnEI8CWHV7sc0CZvNLS2222W1jemwm/MsfsB+RMs8BfWA3JppvhRPfs2T5GoSJ7kRuA9sLCZtm21mWGZeyECDawkItLfxkkEEr9PMd0lLzfB8nw23+J5gjjPD0gkQR5rBj1ZpwttmeB4SeCfKNJ9rMlYNn2vfACWe8PTjPh+7W8BxIER19zDKIeI4dT0IBtsm36xyHYHxKQ5njDbbbbbbbbfDbbbZZZZZZZZZZZl8t5ttvlvkdIQR4fDmcNt6HC2222W23hNq9wZbwnwSMF+xH5Ezw0OU78lm2xm9Y2P7BmKVa+Anj/kT/tkT+CfB+KXWdsS2jMswFknUWV2V9Uofb/Gfsf6Ph6lt5v8AYHCzp8AjmD4F6xs9eG2y8TivZrtlv9ZgZYbGYMGsARN9WFu8SbLI3tBI4fccsyLeDliIeL7MS4W6fFmfZnTa4IKHCnv/AGv/AFv/AF6hSHE8mNttttt5vNtt4yyylllmZbeb3f8AjDgHiHP6y4W92LctbebbLMeQXq3mN8sjMWP4IgWdBfiZ2+7XjbeVhFg+wcENNnmpOW0QEtWJnD6We3m2YydsYcsrRALt9F9cEevv/Fiy/wDDOjjwz0I7wVGxDOZZM8enZJJ9omyjREYMY8atrwgBHWfcHDBxkMRxtmPyAvji5L3IIh0zkU6+2ZttsPBiChkIk5/+kD9YH+wYP+wf9gRDltttttttsttsssssssstsz1/mfzDgHiS5LrfJm22xYDWdW3y22Y1bYbbY9z3o9WOLEYHGdS/YfxkfJz2zuVtmbK2222xhlDGaCQjN8Sd/sdCxCzM/v1aPWwEZ9n1CS+20J7ZQlr8lW3+OWeLM3/kJHTPSCPsvQBMhYYcyyYzJ4hLpnEYZTfhPmQMly3YOzj8jjPuzxONsxhw1egxN5K0rGQQZV7ls9I/gNuP9IEUPogz7F/sf7Qf9gP7Y/2zaW2y22y2yyyy2yyzLLM/zOH8Q4B3beblsxw3mxHr3w1ttmM029/eHUjjC8COepK/em9z6TM1bb0W23fA3g2w4/3hf20/bV4ODLfhs10QL/OYGRT6tBY37H/Cs/8ACOHQjjw9IR5rADLARb3eGWY1iwz0NmiJuaAkYsnsTTEcebLHG0j7HNm3wFj7joObtjfsLILIlW22eEQQWf021hEKGRJSkU/9R/tH+kfK2/b/ANLMxmyyyyyyzL/zBwBHdt4HIsC3m8OGzzWVbbe7HuZRA9QwjJD9v3L0ucI7+222228bLb4HHpvQgg6GBG2+zI8wCNSOblt9C0+S7zf5NnXgu/8AIdj7HHh6cIGEJsAjwbLM8MtsTG044QME3N2yJjP15Lb4JMXeOOFttllb2PQETag/cmqP3O6svgQQQWf8u2rfA/0j/a/9ocUMC0kSZFpLLx4/8ORAQeZ9gLdbcL2Ww28QcX0t4XnrwyGvCGX61t8toinjbTm2+pBbbzOHht7Zwggs9xwb8kHu0+RhlwPlswZwS+Bx/wBf8Ljnvlv/AAPng+xPD4EIe7EKRHXyGeEELYsERoSyC0yfuWltttts93o5eD4lngvqXuLNkzsBWEVolbZbYn5wRH/Lv8tttQ4VqFHgS/8ABnQQPJbeKBxPRra283jIWj1r4EcOYNr8Z/0ttttuTksd9X3e+5Z05tvAiD3BBHTARjgLtiJtpYwlWThxQLD5aOv9XwCW/wDOeA/JmfAIWeRgiOtnGY3Yk1mRZBBHF64tGyOd4WWcbbDLfYOWGWWJfUPcbP3b6mENbbUnWW3wPBBH9d/hvnv9ttt/gFkHAcHAEeO22w3zn/pvbY8Qa3eFvcs8Nt4IXTaldiIi9x0ifVttvMgggg7OMYSz0X+RtPyUcyZPM6/YAkZd/hn8N5rb/wA596fXGZOkQtiwQWcTuTJHqdT0J4Ere4XrJYL4jjIOLhwZsNvgvGX3b4A/cwhVn9FIsvHomI/+dnhlkEEFkEFnGeG222228B3w1ZxM2eW+RHjvnnA5nSO7L4EHAg8RfRsYBktN/wAZMy5a8EmfE/pt+JL/AD3+xwPbM9CLQWI5FtsM+Dkky2MqNRHAjgwOs5Oi3ksvBBiGUtthezCQ2BLvET2t9SSys3i9L84R/Hf+ff8AgyCyyyCCIPPbZmwy2xY2rOCRWYmbp8zp4PCCyyCzmeGQEeubM3uWQMWdABx7y4F13Xgu3yMnWzL/AHXDm/8AYnTM9ILWAD3YebDxnhcnMacHBZxtyKAs5I5LbeCpZ4PPpymWTgtb2TTMkXuQ+2UKWvcvpb3cPR4H/wA05nDmRZFnWG22ZtttttsNhLffL7/fOI/plkQWRZZZZY2f7Zb7txmbz3e44EQtiCEJhrgY8SKXZct51j1s/wBDqDm/9ZydLM9IXqwweYceCMwQgiGVszxrey9J122WZJJiIPTjZb45IyziSY32mwLbvxMhj1N8tRnobfDh/wDKPHO5w8N7ttttsPVtnHLktf2buV8s8Dh55ZZBZZZECDgt/gBwIIhw1gsQ2+QFVnFqwbeiwl/rstvb/wBhxvTPSL7sZvh5nchwkDxskgthDLMfA4FfsYI6LMXkCzupfXNn3HGUneH2YfTbciyfWfbcn3O3+Tb0S8PHfDf4b/3H8NttnhtttvNmhPNzOrXxOn8Ms7nMsg5lnzjRZeiY4lW8PEgsh6i9Ju7ENvmBmc7KYh6OC/2Dhvgf9J/IOoLR5MQWeAkDJJcFtuCzHeCDbZC2ytlmU3eH2y9RuxNjvLrYOSHuyxqy9ydlgzzW7LbLw/ptv/wj+W222282222TMVLmPDW3jEFnAsjyDucyCyDYILILLCXJM18DY6Qe4g9WFocLwy3wmtsuQ2wzqKUOK74ff47Yf/Ajk6fE4wFgdO5ZHF4KZSlwcjhmHEEMPDjZtTh98KM4y4ltl7CZi89akyuzb0/+dncsjwU8BtttssiczFWs8F8w8jxzgWWWQRZBBHpZxQkzy3xzmbwIg4stvDC222G2123mnC93oSzx/iS8W389/rn9Ds4+BHDxLcCG2GI5tsvJ4bZeHhy9TMpw4b2hkixncThlbTamMHI9W7Yavuy0bYyjF9zmzZ4Jl6H/ACb/AB3/AI88dt4222222Y1ju2R03yz+eWWWQWWQWWRwOPq0seOpW3xOEDBBAXolltiG3u8ObwyGG9X4d9fy2W3PMz/uniREIynZDwiJZeGLrNsrDpLZEjj6tyWywsYYY6S3tYYENLIPcjqzEYzkkvRtqz4H/wBA5vTbbbbbeGtWlsuTw3xyzgcP4HAs4EBZBZwIUiSYQmr23w2OFkWQQeubLLLb3Y4c23wGLf7rOf8AvOHJ5iHa9WQQ4PFltl4nAhKXiJWy8dZfUvd6Pu1ZerOFsQKbozqIrS0QsB8ZRIyGy1PuzmJMs9Dh/wA2/wDNkW2yy222228JglcbwzXwOZZ3P5ZBBECOBrgpT0iepzwVMX+GQQcDhzi29fHbebFsNpbD7ibPE8Nt8B/+G4jxDxLMmOMHu8Pgyinne4vbHYvRKHhZKsGDL2g7Mp2yskf2tw59H7LK5JsKweplSyejI6+B0/8AmbbbLbzbbZHBU7tt8zLLIPAPALLLILIOCBZECIU3zgkETkrLbb5FkEEQgiBkzkuNtt64d/Oba2LP5yjal3IPJ89tsiX+T/8AADxKCZGlqAttsPgnMJ11LXsw3p992DZ6n75qHLpa4I5JHCMynL98KwX2ztu7el8hIyZRylnpw/6D++Wd2222223oBLtW28M3p3I6eOQWcyDghNRCFL8xBRcQEJbfsp/Z43xOZBZBBB1TkHDfAs5sp8mJmrbWPs81hHk+bOJb/N/6Rjgjoj4RHBjlGIg2y2y8NTmdy9vSxGI5sQ4lV6xO7wGfLYZl6Y3Y+p4XvC2fG34Ze7OysTsihFjt+v6J6f8ABvT/AJs5tttvNttlkzF229N8CyzzzxCCzeAhcEHHdIkUE4jCxnXSVbeb4nAiCCCLrw0slkQWjb5M0JUO1httjxbfB81lb554Pc8M/wCDOkoh6Mfcb/w4EySWSkfnNpbLOZ4NnBfU5nh8GIzXD0z2Pt8WxraGKQ+51gyeptcn7blx6grKEOZA1dbYnqz06f8AXv8APbbfDbbExfW8b0ssgssgss8M5lkTIhSlKNYUU5P/AMQomSQ/b4l/gzv7LZbbfMiyLJfBUIAgmz9l3mcEYFm5BfuxVxJLss+JHTx9fwWZv8c/ln8T+ahhjqYe+SOJeo8nAL1WsxWwn5euXeHyxkzCnFavWT9g4WNtMEOzK04f5Or2jCQ216tXshp6gY0YXBZlJVSWeE8P/i7zbbebw3/GVbbxvgWRMgss8yyCCIJiHKkO/wBCOUv/AIxA2CKjSuzP7Jbb/EiyCPAAQShEfGQZW92MJv3RfWFgEbwLl7knzLYn7D7jyWPDZZ/jnc7nM8Msnx9WfzI6U5/L74UWy2Dlon6OQ72w7KbbI5y9Q7b7g9TnYeCPqVi/YTLS0suD6T7Ckuz3gQhRPsPcm84GENM9s4CfJmHp/wAe/wDFtvdt5sxry2ZvjkQQfxyyyCDiLoHtDvlf+PAP8g/5AgyJQJPLb5NX3KsxbfHfAsggiEOIIjIhJ0J/5Cw37AZclsc2/wDa9yRJk8XwOGceDnk+Cz553PHP55wLO5zP4kR4N9gZmF6L3F+JWSBRgvdKt8F7ijxXtvbjzG+PsU5fIeN5svciZs597EDOGpMic9Fr4QpPgkA2b8CYEIz62qDW0GX/AONtvd7s4mNW223wLLLLP4ZZZBZGoo5Y4t/eX/nwH/IYgbEoQ7rDPaduT9RmtW23v54HCIIhwCCCLfU45P8AREGNLKwRq/L51vRwt8GOIomPkTHD+r/DO50OZzLO5ZZZ5545zPAlES8aA6C2OGfqTa94GbuvrJ28CTsS9ywzW0S/I9sCZHZyLHgLZllhCZ0kLNSzl1vmL1OT6vyA9WZkO2sWVpgWSdSnh/8AH3m2Ex1LLb3OZBBZzHmWczmQWRCFKLjtPwKIgR1iI1Yj7L7xv25GaxZt5vmFkEEQWQRwQsv2zML6xakW9US2Ntj7h7ngicb283706+L4LLff6ZBZZJZ/1jLYOFySPSK8mzfGUzZeoxGzxeWYtkYke4YIbXZhZFlGZNhc23tJPJCgiawI9+QWvgkfbxunWxARiEj3qhS22eE8P/ibbMVKZZbfILLO5FlkFlqyIUpCHd/+McZBEJbZkr9OM0GKcb6Ed/Zm2y/xL1ZBZBBBBw4X03u9W36xGRizYW+oISPl/uxmc4PM4vqOvkRwvvM/hs83xzyCyCyyyyz/AKxhiHokOHpvvgmHSD2T5JTBAMbxezx6a1WdH2OFn4CDLNt9R7Sjwx9ZyVMGyiy2WzGce71e+pPDCr3PCf8Au2223u8Y1i29DpZB4ZBBBBZBEIQpQ6oQcQDjY4oIX7aXu+pt+5KXWd2y2y+W8OhZEFkQI76EIw+37lsRXgZYZzIyxS3wscmEW8swdt1vV6gbB8SOEFn8mfI8SOBZZZJJJZJ3LOhZZzPLPIiXBiEIc/RMvS9neiiz9ckvM7fbEEY2iCffKuUfhG7E6yhjQU2TPMp9kra5w2x2PVvuGy5ZL3mI/cmk1jb4mfA/69t5vdtlyaptmb3OhZ/AjhBBECIEICESI8FxB+osnPpmS7xtttsv8iLIOBEERHP1JlhLzbZPwsWt7rDboITPxPH6ze7WL8T7IZxfA6PWfLZ8M5ngREcCyyySSyR7kWWcyyyyyz3J/QZerYYhCEeH6XtNHiyBSCQcehCWCzZtiey9a8DXcjnyfgQ1rZMmak/cTOkw9FozGkgM5OkwsQFoQZuwKzr2y9WKdczE/wDSd3zWYptmb06FllnmREREREQwkMQoOr/tiPQ82fst+tttttttvjv8CyIi/IYgLAckXu/ehD3DbftpH+Fg5g9dFY6T+3OGZJJ7j2iOX1PCeHR8d8H+ZEEBBsFllkknGzuWWWWWeAyzh4yzPMhtthiEOAywQ6R/YmgYWOAQctZttrJwt33Zp945tPltu4R8ODeog5Nb9hOW3v5AMJBICeNOtoFrLbKfDZfDRnrPD/4bGrLL4llnhnmdIiIYYYeDua4g/wBn+bLLlt5ttvN/qRDbDDbEAm9C3fAIIhwKt+8LYL7gXPiHsm3+X/tkPkZG32QnLCYjo6Hpwjn75vmdyzpEQWWSQk8M6FlllngHhllllllngWw82GGHpYkvXAOMRltiynGZEERD1wUWUfAWwrPYjLCeWFjIO8mHUiWUwgz3DCcgb3+SLEdWpiyKvDuBkz/8PeGrbLb4BBZZZ454ngQw2w2w+JvK7L/2W3+J5kd3gw2wxDaZZSnyIlOcI/qLR7jbEiG9sr42r0BiRQmWWWRckXZj4jh7/sWczwLI4INs4kJk6FlllllllndrHxBlknjsPBth4L7nexYwgQXsWCvcsAOXOTO2Rtug+F8kOmyu27MkY9TBgx1D9kd3xJko7DFqL9vqOWY778W1zLbE/wDfsvHbbe5ZEyyz/iLYbbbb1kEktlW22+e/122222GOMX8sWTPDeERJ7vixlJnbA0hVfwlvUPutnC3I5KJA/kqs5izksqywg3xH8E/sQ8EcSZnmNniETOAsmMehx0Yllk+B7ty2HoE946aT9sgxI9wp6ZPYzD5NattGbBsZOLRWiIhYzmAXpNLBkAsrQILZlgtERzLctYx93vb6h7svUvafA/6t5tsxu29yCITLLP8Ak223hBwdS2+Z5b/LbbYeERbZti0CfdkhJzOHCJuH+yGGr2gD7AoIRzKW1kDYpPtrMrIs5MezGyyeZ4H+xHiRLgiZJJ8TmQWQWWWWWWphHqQhJMngeubDLnZwx0sVBfFJkQIT7RAtOM4r3IG7YFkzQ/3iX1xh6gtZLxIC9sYBkQEx9yOrbY0igNsjJav/AIKzVt5kHAiZ/wA+22zXltviee2/y22Xm8OlucbbPRZ0YgaE2e23Gy5j8vlh+ysnPbIjHxLDx+8myDIPjZSQp6kTE+1kj3P+A8ToylkdSSTjw4RHCIssksss4Y8DwJknidGUs5bwc2VYtb7iZYZIWELO3xbLLgd4WytqAcYcs5IeDY5DbP3AEaA+5GqyAt4sHyUspkS2eE/9qzVt6WRA/wCLe74YkzWb/wBW8Y8Ntt4eGSTmWT03ZDZJMHabGg2QJSfZYnuKAwtrfS0PV6wbBITYF0m3T1Z698TmXqP4PgeBb5D0DEyTJPCOEeBHc5llnBODBJZPS3g9KcMNOFwj9x/q/Sg9o4WRF6l3CXNtve0bl8hMfSSBkWEiPsEmFMfczay5awK2U4E/Oq+v7H/Cx1b4hBH/AC7zZeWbb/wb/LfIigW9GD10Hkcx4cjOeomn+899yvl7l6kx6J23NlxlT3azGFuQ3044OW0eogMKPq3sSn0mZzP455nDw3hEUoeMJk6R9h4cIiPknM5lkkkkJOCTPThOZThh2wcPmUFLkAgWe4viFsD4ML6V6JD6thMMHWcrQ/ts2l9WJO5FrabLz8/694L0LIIgf8e+G8MdW22+J4b/AMe9CAmqr7t5scBAs9LSQXs9TXhsNtsbem2kmaQB9vmIGf8Atn7bBWdiPvYBA2cYN23pwxA65I6hasZmQf23yLbeHhAlszMnDhEeBK2fAskmSSEJJk48HnzPyJS53IdnxP3OCkYklwLLJth9z7lyIG02+rJ9g3o575vM79+oZrb7YJkhjNwU8f8Aq3gtvCCCP+dsxm293/ff+A1euH7w4wVhhgZ215mTPTiH0t+C/wDKCPyR/JvDJNj7ZwXzzU4S9TU0tiDZ4Hht9QnVQyZ4/b23mWWSPjn8tht8NhYXAbZkmeDER3ebLucG31M8eiSeJ4ynP1MH7DNGwCPqSPuCDiyltkE3yO+3E4HDgOALYll1mfb5GS0Zn0tZeJH/AFFllmIIIIP+bZZVvfsiH6izD+B5P9wv1gPkrEHAohqHsKxYLNJ0Sj8l7nBiwb8nnKecH2Qnu2epxvVtIGUR94+u73LGIssskwj6hDpaO5kpscM4Vvjn/AMcCh4zPSIiI5sMuM2xwyll6MydI5bYeRwj2sBKVikDFmDjjn/6jhfqR7XUxg8FhwPudKywQZN/JWQktpef+IgfXD/0LLb4BED+O/y3m8L0bJkj6IL7+yhf4y7/AC23/hGwH3eqU2cEe4CA62ERDMPu5YucZZwcaxonokG7B3qtldL3nobbbZZiXu2+ixCxSaA+QsQTLN+RzOJfTyf47bb3bfccCj3xnwIYYjwGHqxBllLLLMzPgTvjg8BN6QylYpZMcJBFslg/EK+4X0WWWeQoMid4bk4LIlyXiIUm9Vpsn/l22W3j0Nj/AIW+G229+eRmtg9BMthOFuvR6l/tvnvkav8AWUEqyu2RKLbY5tse4NSDAyE9WihttaSIeCm1/kL3Den2NYri0T1DhAsIjj8m9wCbPzMI2O7LyEQfBwn5feJsk/03m22+G8B4bMJ4cIiO7DDDM28NlLMWZmfH5mfvDkZQyl7izIEm+P2Zd6nQEEjNn8Fy09WW1vm9pFgnzW+2Qs1XNy3YnAGP/IsxfHIQf8m228Db86zmI8LWYe4Zlf6f+Q/gEyj6L8yZQEYvoY42G3hF92YkZLfln0Xw0p6bOffuDD/EFJtIPZNMTkyLwYY4xMiJm2WF7HmnPUwdYltv894MQ+CyOAFs/Js5vCIetsQeMscFLbbx62d+Znn3aEPBShlrBJ87Vr7gfDh4Z5i7ZHWY+2xmDHnrLirclfQJfXfux/gt/iVdP+HbZj4HoQWf8O2228EzvbEyfCYEB5K/9B4Bs37KMy5nHAYc4uDbIc4GOHB4ZfZcGwA2QITaXqdTFSAkRLvoJv8AGE8gDittJMe0PNOAvu3KM3+A9OfZhJ/J5tvRtthttlwOBPDmw/LbePNiEWZeCmW3j4PDo8+7YZSlDOBEEcI/ktq5meNSRBtf7el9Z6xWg45keQIkRYscf7bbLbwIJ9Z6EH8tt89l6NmEv1CyfhDHtlsyIg9TK3+2WfwPvgTcAZKeB1zJT5bkD8vTwnBYLOnH1E9e4PXuDHxok+tLLM1Wt+QrWzckh224Xo7bYYYY6HrlhL0sc3h3PHbfcw8Xwf4bbbzYhwDfYWcODDbEzbbKZlht9Slxttm3rzb44ZnLEUpSlerIjp/LbZXMHb9GZ59UqWw1sYZ2DkqurfGxYCRv2wv+R2fVv8dtttt6FnH0ngQee/yW23iLC1xUL8nnomQW+kRZfHP4ZZZ/A8CRfl+7LLttl8iCySSEW5ONlMJCSBfBFDoOyZbEHH+sQVL6St/qlua8l3ZGyILWei0xOuX1MyDpIujwMrJt6Syxz+WweG29eb1mfc2+DxP5bDb0hwEZmIebDEzPBiPGwy8b/AtZLMy4GUpSlZlhCw/r6WexGEkR2kvF+ti+iN3WX0Hu90fxAfZVKyPntttvkFnFl4EH99tl4RKsDIu07B+pfAWWWWWcZZxlnGfyO4yj5AbCfJV5srFmdGZIU5oSXBCMkD0mHtmXssbZB46berILLeEfpbdb8OWj0zWYckyIYYZENhe2Y8Fpjy23fDZ+Tx8nieDHkMPRjgGSYtjmw4WzNtvBeGG2Z6w+BfEzPCD0KU7FLHt6eOS5229T/k/ZtsxFglzRkgSy5GuATuwML20HE9V8T7eCEPDbbenhkHguBB/PebzbbfF/hO/IzW9Ds78lPQWFwOFxq9LULo3E+rbbfMOq+Fie5LJ8W70OBs2fUre5xeCbGZnqf4bb95vG22sQmOOQWGCMLbo8QFgbGLjOJzTI42GTx8LfdgJw5tvNtvXd7v8AYX+Ow82GPbhskmcLbeDLMytsM8bDPNhnrwvmeMwyIZS4OV8kNvDu2J5yy0KV0YnPRmWWLKhuHuUCN5fROzOslYsvzhq5e12xJ7viEeazEd3m2+e222+XzyP2Gep5xwlfXRt/tCcnbiO7E5xDM9rfEss4WSv2A35kvBBwnBltmyZxvQ22wftgHomEW6W5GreEEECObwbZmN8ka31sJPtCTfpHCJ8a8eDlOZZZKnksvjv8H+Z0YegT47bbbM222yzbbNsM+JfM8Z4pSnKU7ES0c22G215PKevjkLDgzHXLShwhUH28wSyGDtovswxuWbgffeyZ7k8yzmR5LwO7/HbfML5peyULnC6vBMsEEgI6d0kiB8kZUxf5ZxlfU5KL768AjhOCGHLp4yCRn7YHNtvTAngbeBBBA3uRssiIg14O4FhxwT/C2McEnCN8AljsO5fH9L/Hf+I4PQ2eDzbbbZt5scZtmYe7PC+ZnjMShnKUr0bQQ+AWWeKCnrlgOTLJ1kwGlhGdb3b6zDLVBALWXrq9MXtLCezw5nSzu+Dwj+e2+GeH1GDCX/b3AxAQIiI7pZkJUqV+22+eeBwFt/bYN+JKfr4A4Ze4YaxWk9GbbYTHv7skWttttvBhnRxyOBhkE/LG2JGySWc2HjSDRkkc29WzDPbSOHDn11nC9ZTfBnfJ5ni2w/0PI5sMMEz3bbbZmXg2z4PXwOGfEZSnOJ+lmL44QRxbbbbZ19OjJezheGDJZYRjtgwWmJ3ZdYzBjr1DO7573bZfLf554ZAwoUUEeTbMmalp43+5PAhvA3wGBE//AGfT6SzMleVpigXqebKtc8sZp9GaFiGDmTJMljxqxhFneo2sfbIwmJ2RbPfDeVFhfV6C+Xivk2eWTLDD1/4dh4DPjtvG2W3x2eHyfAviXzGUpSl62QgHu823uyyWPpM70PhI+r14ymt70xd4kDnrk3Nh7k6+lo2DP8d8NmG3m/yyyyCPDiZ4ltiRNXLtW/8AE6t33AYj5LTr47bLRkMe2WYzew42J4bbwsgtXwC3+wvy9fy1m2VbIDmyy7NkcMksm9ynpsIgMvnqvi9pI2JWvGB9Fllk/wBBMonhtiHjn9S22UQfDfF8tieE+L4/gQznKfsvnenGN8awt78HmjhkayLYl76cje21NgR6nDcgQW0iZL0Sy2Wf4bbzf+A48WFh/DbExUq1Lb/xHM4hiNmdCXfMKzzmaMZYts+LIIbKb0+4tk+dXiWBbe7PfGf+WFhZ7kskmSyYaj0vqenvH1wj1yfnBesfDxzp5hUIMs44M9GL84/2OkMQePNnmzb3eMPSfAsZP8BlyJ7pfSwN8nAjzbV4uHpPTgMhtFjz0vut7DJTVlvSWWeKf2f+QbblnjVu3/pEsuNiMTJvxOGoBZJavS3HZzFkZl/4eo35AXq223m2u2uM8cs8E4diPmcDNTZtj7ThOcetjjeRIpDQvg/vlxGFln/Z+58Ttoskk5n8nxGOGz5vi+B4n8hDOUvcOLEsAcDHdlnq3NJ9XxPZnhYxS0sJC/UgZiyyykr3vA8dt/g/0WQ5Y8s6tNvgf9CN81gBAEJn7t8gvn5aW2w2mSGLIT+Tvzn+ZADm80tvdllkH/l6s5n8WBPQ9x9rQW2eH86I/wDeo29L3oevLIPLLJmMQHoyv74fALDg+qYZJPXX+xwYf4b/AAY8SH1/IZ8LL5vlLmbwQ222zvMbGNyZJvkkOZIiBv0QlNpPtpZW3wDeJfnD/Z/ptv8Axn/A6gAt6FjoTr+COCIULgz9kVr94wBYQy2y3uzggsk49z+Lx3ghyfl+NoSZ3vJ3HqcoY9b4/rswBfe3uTp5A4R765DJ8W3+wx4nyO7PCekP8B5suSlO9SWiCyzrbbLLeys1CViBWAd7vGwn7zZzZxlHK/2f/nssIgaTgsdCReZYxAxQLEXBGF9QzPV89UtmyJnHp/NfFk5iT1bfQWEhi+Z7X3wpey9y+Ys88FsP16icEt8MksdD1/8AkivBgeiGT4P99hifPZ8DzOP8hnyPV9llICY8c58vuG/31tBbF629x8vzOWH2EGznbCXbZbYxbSY5nxI/g/8AzAkQQe84WRgyl1/gQLYXy3hxq7Fg95Z4718jy3yZZhyWz6ZNyXqPvenkjqOHRDSFHj8595nN4ITRlk8IO67S+SXuITPQ/wCUhh/4wif5r3LYNPUB94U+obbMl9b7BtLG+E3+KvpqUyy+p+dCbcJ33JBZjx6CXJZb86fYPd6Jmw9Rx8j+L/8AKCTDIxreiLRaP4I/Iwa+IW5PiNlDHd/n+fwJesIRDjfSHJBLTnx4CDwx6QkB1bvhsMdXg2QD0tAtFnhEFpyGnyeAK0UPGf8AiGG3j/N8SJ/noxT2x8UpZIC9wJDPU7h6/wBmrKy2y2ePB61vwORgc3GWsfZsEz4ftnuy1XmQ9+W/wZP/AIxzLLQRjUvkbZO1fMFvcPyC+iXvxwTrwCImHFQ+G2w2z4bb3f4bMYiCwZWMtJpk8JLhESIlQhAf5w4HgMoxPAD35ZkgxzPgC9k0DMYL5CWGOH/jIeM/8AvWT/Lch/7xHsev7zt8Jaw3vo9+EX4EadYMv3jMIzI5JzPd+lkrKy9AraLM/wD0xNgTFYiPCpk/wELoFiSq8ObPSCA6PAeG/wAd5vd8ds7ILM5lztaYYcCSXOKyHLEH5DnEJbD0QQR4kMpnn7i2MzJ6RHrh7SpJNnpD5Z/YYf4jP8R8n+W9UdWrY7J3IIyRnqznpx+cz9EGw4fZnhjMNJ0zhk934vSaNmE34nH+7/8AB3gRjiyMRFiMyN8lWF/pAHqXICaDq29IjwGIcIw8SyP4bbbJLP8As5vTKZT62ub4ZZZmzxe4ifDj6jCOsmenDI5nciBEs8+lGkGXcsg6hy0lmekf8o/8J942/wBBhjqz1Exvpw5kGS28WHVwoss35O9pnEZO8TdXtgsZzi2f/qJxZX6iGpAEBlUxPAWRi3wC3J9zbRctWERL4g2eHy2IY4Sj3eJzZZEkkJr8CUlv21tc5ttvl8W2xx8n4DezBzmcO7bZZwkbIt+y9NkHRIEtnjPdh/g+GfxIbJ/hv8D/AGGGXD44PvwwTdtvi93jOpmi9pPVnrm5kz93/rhqEPLR2wJb8Y/+iEdM5EB2IArbsJ8cBaBAfsz+ytvAcZrvCIPE4d3o6S6TiGcJ4C2e7Tbw8y9eZEWyiI7/AOlgPwjAczyP8Yw/9jSIIFt/7WL6tr1SEh+S7OM28eM+Gw/xz+hx4/0ET/ceFEWF7nC3wHskzyJJLXIfUEI9nG42/t7kNZhwnKW/zH8Wf+siHrrZKM6kBLlroPHhrfqwASSdlt4Q4tvPcQgjm83y2J6fvASxuWJ3ZG1z+nv+QREp+x4IyfywS8WSeHqQ+5KxfiWDlsvb8miZzZ4+GWeBDH/IfxI8hPdnr/AYYjj7EyHyVwNg47P3jBbnIr7bL3wtJ+cs1sBL3ehfWyTueR/J/wCoIxHNyYi9RDWJbIwtLZZFiEkJfy3wIOL4iDx23m93r1tyv952fIfP6nzwD3BCz1K/enkTWB/50o8M4TmsYIi7PGb8kH8mfgW0fbEsLWzx8Gyzwzp/yDE+T/AfJ/4CIbb2n1bOUYnPm+5EEe9G37JZMS99HGHZty9rI49WdhZxOBPkH+L/AGP5kDPBZUQAci2E5KltlkYDiviEcXwIII/rsvN8s6eRnkeAQcJZ4MZAjCR0PnJCbDb1Lf71DbpfZmWdsMjH5DPhK0imZmfA4nG3wsf04yy+cJ/i/wAT+xGZPl68HxIlEiALdZjEe1si+Je4yRYWQkGrZzX3ZwT98QdhaJKw4S18qSSnGT/4oQeGyzogAsGHCMnbSGeIcCOF4LYgiPPfDXm2+AeB47/I42RDgx8YINs8oZCZnuCI4MMd2SPQgL7iY5esD/b0kisikWWXjZxjp1kWqMj6vyJD6SSQNni+D/I4/wBCJm3w3p5bEdOGbeFl64LSQgi9rBzs+Ks0sQCfRLL4Tg4L/wDECIGeG2zKLCwZwDK3QjCfIEHSww2xDGQn8c7tvMstW4f8v/O+Prgvf+c7x8S3xyyxltZ7gB0lMEHgI2K58jgRHgMMPHpGmsQBAAPIBnl2fmRayzP8PdhmRpku2lpNFFuoSDlmHjkn8t8Sf6Dj4P8AUHF78GTIefF92TemF6g54PTppbz6h2zpZ8QzJZ/1H8Qg8N9y8RQAUhnC2WZ8WPcHqW3gWSZwbePuToyhiHAbbYtth7tsFYrcj3xIGCNn6yP2L07lr8IwzOIi1Py1n5vXh4iKDga9z2MsWkohBg9wjjZ5EPr3wMeQsR4EAEPwte5IPDkbUhlV+y2z5lnA0T3fEbeknPcbEfufdn/wCOP/AAC22+obeZCzIll7NkRgsq/epsk13amsY2TizPlGeYZMz+e/1D+AQeK2yKyNSDOCLfkswbBbMRMEsU4l27VqavR4G3xLbYtlll5gvyAAREZYbR+35G9M2N9Z0Le4Te7rbF5vgWWQ4MY9xBJJPCX1wzL7j2Wl/iBtkRehwINttvCPAEjYmkAYhr5abI8yvo8erPhizjVyXwz0AypWdW9+9L8xM2eL/DfLfEPM4/1zu28N41FvEvlgSXr4ZZJZBYYBzNkzjw+pPLYkk/4Tpw/gQPDbbZ1YfYM4IWmhLgQJZfBevvmeW+IDwQegxNtYeKaTYFLH4k/4mn1n7bKe4PJ/pP8ApwrbbDAxq14AsZKRo+5eolZZTjKIjP5HhAwIlDDKHw2GHgiKI9yEaJJ1sRT3KtWJ42z4HCAncSYxCBepZhn21ayayEHqAgL7JAjgT76lD3LOP/Qcd/4ThOf5J/Jx13wDObbJJ4ZMzoQhLeDjHwHpx/7AjyLx1CNY9WICX5ss3uC2XeHgcdx7259NlTMs8dhy22G22OBNtt4b/wBt2rdrl4l1btbWI4xAR20gtkfLN0nuZbNMMWXxDgRwb6z3Zg5BIUU5x5YbfDLZiIxrh8e4NNIyvCfXHzLVsIgzYN3bZZ9aWxe5R1t1mY/kBARwyxzhOKhMtkkn9T+pHyf5b/AjgeovpYPRKoIPBzm2nAkSCxk5nG9SGcM+O83/AKyIHkvHhDWATxJOvtsQS8yzh0Ng8uGQbzr7kr+W16g/SVLt2odsskgss6d3nvyyyyyJllkEES2c9jhIsI4qxrqvrwi3ESrcYQOSEHa40QuIIMkyj5hkgXtBm24cZnr3YW+KwvUa9/kzReoUMwJAT7D8ggOMWMfV7/k6+rJnz/P+IifN6c9eY3veqPzZfZZ0PF8A2MJbewRVkybbct8BM+5P+3behHkW3mkONvWeyXXolngR4wxNSbs2CmMH7kiX+l8ghPheyQm5J4DLOMgsbLLLNsssssssssssg4Xp4LCORsEt5Ocya64p4R0Jj9eoiAhBBBBZZYs2LHG+AAWz6QoH2QLLe4JeLL5nN1sZF3mzuBYgoBhHF7kS329cVJJ/qeJ4HR/yBlGHreq9zxVYFox+8yCHLYF6s8VoBbsNZMj6gn1xgyQk8css/wCXekDyWZjsROZ6q70S8LI231McWIoJiPZGawn2c4kMvdITm0TPko/JmWTNR7W/C6in/nlVq3xiKjpkEcHwUlE2Q5sIIe3OLCfbpEffJRIl0Ihthtttt8FlmKMZNGcvscWZ7viRZDE2OsCb1bABzfJiflnvqdskz/znHh/wnBMkMFhZ9vYD71OfFlZfIb0oZ1VnWWLNY9QgXsZWyTE5Z3LJ5nlv9wg81ngQL0mupi8zYjbBam9HuTDOW2SEl9WGEcfYKWJSeAWW/L2r3TW//m9W1kCM/OP/AMx/4s85L/8AHAemZxOZZZw4eGwj2XrGGIJ1YxBBEPRIsIAKe4ZDKGGLbbbY6NtmLIWem9uCeLL5CX/nZMIJzZnG/RGZBEFtvDzFfUouEqZJ/qfyI/5T93zOC3f6/CxU+eSWeJDxo9HF6mGGJJiQsmG/JiybP7b4BB5rPS2Xq8CF8mIlZZCbLJgj4kz5A/bDDfc/3YEBkQ1i0nJFizPBFn/LFiZjh9pJLJL5LL5/nkcLcJbZwiDgliCsiIiGGGG23zWP7W4Tq2BJnXHmzPgPZYALF6mBxlslhL/RC/sTeD4Ms8BGQVsp4n/AeJx/5PuIxev/AOm2a+5ut/ePksRGhDH3YW2z4dl6s9QQZET7ngSSDiWsxLLP5r4BB4Hdl6c3wXgQvR06AhO9LSYgjEkgvX2wv8a3+7BxyA/2P/cTL+yi/wDa/wDSz/vG/wAFlll8t8NI8CyL5nxEdbbChARDDEREcCzwzgN92/Bl97KybGB/y/L9k/gINrKWWzovHKf8hv3kiDHBrWqwcCknwhNkn/IceB/wEHGl+wJ/xsBfVo+KF7uT88Fl7gg+5bLfVvMsc6Z2L9mI6nNOflnDJMEngeO+AR0juy8fPLOBxYs2J4PDrmWN9QcY9kiWtttttvcLLL/9WiwiBwi1FIUFm/bbNixMZttvFt8TpEEfYTAltiCFugS6QIRHBhiIiP4LntX3mSWFhMyz5EQcgSm98qwv/SX9Zv8AeLH7vEX9va1HCY6XuUJ89/uPkz+2QiKe+T5Lrz8yUT14JEpjePqfvPyPkcb849VvPs8aZ3Y92ZPRPDfIjhzI6tvkcOrBxenHbbYjzSSTgbbbbbTxLY5hZxnPdsOFq34fOSYFutsNp/AiEHP7EELWD0iAI4RERBBBZzOnMlyWJstmZ4vDhHMeDw2RsLzrC4f+shkL/bGX1H+yPkDaTMD256mTxz/gOP8AwkEDwIsLbmRLtrEfTwTmz235DBxIn70i2DbOJftxllrKebGcL5hB4BB4LL/JYji2x3HmMiRFr55MFvN8Nt8dj+mWc92sMIfHrF2223wIcOZAvCCZSRQIBBEcCyCEREfwQsszm3qXXw9xFrnqUPljw5kWnCnOMeTyXqj/ANSn7C/29v2y/Zn1vjNh/b2Mtj1P/Mcfv98ggyDb9W9LMmbLLbmsw9LYkH/qPbB4jHyI4x7JPfPyOOxcgk4nBVuRsnpT4ZZZZ4hHgtvT+IcWbW8jVbSrdjez/wA222923m822W23z0jmc222GG2OAgsxgg9yr1B8IwIjhEcGITYg222923n7PuYMfZt4+W0g4+0D0CPVJiOHCQS5g8BP5JcLUlFshR5z6yZe31P/ADnyfLO5BBK4sGSwlt9cHjwM9N+2iWRkOMo6zPyIvrjK+uEPd9Wc2I3xmTuTETGOPAZxnmR1ln+hEy8GNjUmM3/lZJtkE2fw3wW3u/y2d8AsmMyy1I822XhvB4cGMOOz3ZEAIyL9iCCOEEdyI2GI8N8CaYiGYAZmXxIvqMuf+24nuMLdvdsC22xt+YMPyGIPZOPombhH9hP3FuRdbOmb4n/i+uP9AsggyC0fZG2/xl22XOhfKxmZCW+7J8GT8iOF9zfGXgQ9w9Qx5LBl499cQkTMkss8wss6v9WOZJFrItLHB4Tj4P8ADbbe7bbEQvz4DA5pY22Zq+LLgw5K9RMsnhBfsNiLCTUZvY/kL8jEERBBHCyCyyIYtt89t4pe7Z8xhqTD9JaZuTu2l7WS0cNhh4KalsQywjHu2kX5wC9pajnqUOMz5Z/YfA2R3PD86WQc/wBokNhKd5svPjh6Y3W3rPfq2ODPH7wgrEZ3L2J0YTj1EcflsrYTJTmSTZJZzOFkFnNl/ueAe5MWLGHOn5PN5vNt7tttvBiwWf8AOdz/AOrXjbZe7DbzbeG++HCHrxx2HDrZkYXvCXCcH0IcBBBHMgsiDmQQ6ZHkd0MWRKZ62+JKS/LGCe17Zw/yOe7I+WfyGMzHP5wUlvHejJzN+sf5YEktKZ/CePX/AIjjw/kQc392EWc++srx+d9E+BYH298e2ZT/AADSaCEwsM+1iwmx7Y9Wy6Wz94/OHE2SzmdyDwZfHOZv8DEd+oU2t6cGzkPc+vJ5v8zwHdtlttt5vd6pfIrIHMm/fAH+QevcNeiwwYT4RwI4dCyCCCIskg5llkXOOoY8JFt49fEh4EaZRsZUIbz5mRPeAsk53gxiTEF+2h9svrKgUg+QkfDJ6/zOPyf55BxWwMgiLT3bxbb94/I3j8By9iDbZKUmxyL9mPkMSX1YJYMQD7hDOE9mDJbSb6v3j8iPsvuGZknwzwbfLLIyZ/gW9eEnuQbEhcLD+G2/yzhDbxvU7ttsNvfk+J76TTb0IPlsliR6lDSMzIZEREEFnMiCyI4eGWeQRtidrJtnxeBEbG3sL0EPLa3pEIrI45PLNrLvZwQ22i1/s/6gTLZ6/wDIeH8MggkXiFgW0trDN4fZ5pD3Pq9EeDPrZ7vjwPkdHGPeWv2Az6v0YLI4L8ifvGw8T1asnoncs4tvkEBn9h0ciZ1YXufUvfnHxPLPDYbbfBX3yFsRx8AsOCDOZEN8BC2CP2onwgiCCCIiCDhHDwGGPPI9X2xfyDvEsnwekGwew9XpsBUITmcJLIdhzeIYte2LXtmTO/AjTmaSM7Jnj5547/E8OniQg1LEiUDbT5LLYNyeFkscere3J1ljDM0zhwX7ZxIR9wBk9rXgE9YLc4ffAt3xAEpnqC+ST/ROmCeiX6vktvkFjwev8M5lllnBSe9TGL3bjn8dhtt8P2Hm8eicHzOPchBEAREcJiUAW+T6IQQREREQcBZZBZEFlnQ5tvNjuP6yE9o6AsKU5vHwXoX+Uyl/cPS1i3mFv4R6pe8Ru28hk8N+xQxxBT5Z32C20YRzj5v9COPCzzCC/aGF6OCzEffR9vTIw4S93tCEH7C23w/ZAt4X5DMG2ST7RTHBf5Kw8SD1P2SPSLi0Jp8BNz1C9sV9Etg+zN9eiFQl/DMjgcV7nhljzLLLLFssjnu3/lJ7shy1HHLJJGLLP6bzebLLPgRwmeZEdsyCFxWAL4JIb6kR6LLOkRERERFkFkR4EcYYebDwhhh3VK/rLxbZt8MiUVl6vt772DeiHwTZwmfs1RntsM6s6e+dmWM6xMt+QPviZzwk+b/B8zw8iDYMtbI5lLZZiM/eiG9rNgyVsu3oQe5Uh4lpIlsWcHBZNkHBQcDevzLcAlLUar4xJ9n4l6/CGfUA+xf0gxMn/s/c+L3eEOS+WWcyyyIiyoz+S7IzF84DsdjZDKJJZxCSxssssbLO5/HePgMQ9elolkQBEX8LEfiL9EFllnTLIiGGGGGGH+B3LPI95knJTbPPfXgREpD+bK75RM4T0XqhAyCxzDJar5DGrz+0dYGJ/LSzZJ6nyz+pxjh4kerZsiLO2ZZ4FkzmSWRxGy+Y+zb6lYSWspGkMEDuZMD1BszLJPV+wyg42JntvzWc+mcMP4WJ9EN+2XdtbGb6Uj+y2wks8zyOh1ljENz/AOQR4YjfkQRxj5YnDZ1zhEajju3KLe2rTzZ6PlrZcnhnvmeD4hwCfAjlpCXkAwPyIERFlkFkeD66QpSE2HuQWcP5AXqzxPF4QGQ/uTh4Dl6CFwbOVhLaQL0LSS78lXy0HGCQwt5tsvPsl2w/lf6nh5BBrZkFhbSnXgGAyOBPDIvyT1fEPueDnA9zwNzOGOWlmdMklj3TKYR6JHue/wDt8Y92P4epL7kD1bb9+yb4X606mKSzPaf6llllkFqd+QxwF+QeS5yY4BJReClYbT3ZXs5AYJiWDYhPskMz6ss/ckZzcc2G2WYJbJJYwX10cnxPt6ocOwWToURBZEcIg8QVZXuMRChgwlvgNsdeLE8fbPg+IM/3YBw/V9CQkZbLacBGFtmzvsU5f4zpkLacjgt42WWeDbJ/kWefeZ/Y+RBBDBLl65ZfA9RC+2WsJ6XxDx4cB6jj0X3tyKKYywazrwZZtt+X4t/tfiQD1M9BHZrAfc/IQDAt2I/WWWY9jbfLPEsggiEG/CxvWWz38j5pA+CQQQWWTwOecpSU1Jz8hghycS2jHNcyyzuSzEZIs7frozw2fviEwgQ2z45bMQGCMJT2kPUIogssggiIIILLEiwmTGxsMh8gbNttttvfQn74vlkQfsynPiQDsCcvUwAW22tsw4yyUJxJ/Uovbn7yOAeORub7l0tnB7mfA4cZ8HxOPgcItHWAGcxlLzen1t7vCFx4cS9p++ps9Qgxsc4e2ewEbJmJ8gpSQ4L+X50/7fabT8j/ACD8OS/sPohPeWVx7tPfSR+zqWY5mPLf5+7ILLINiZeTENL8aAfkFknbLLLLCyzoQLI+pvrhCnBB52QxsmZZiieVZb45e8dGyyBh8ZzLOk6wwyzhLkQY6BRHAg4cHwY7H7HWGzNVJWJaw4gYMHjZcJbPyY8w0lxAsJRKgIFgMPd6lksTy6tp9nlMZ6snYjn2DCAW6d9DjPTp/ceAR6ljNzItGWfFX3e+HF4QWRDxiHuPcvSAy+M5mxLhxl7R/lYNn2IvJ8EgfCHxz6CH7Wx/iJCL3EfcUdVZ1MfSfVmrZi+eeOdMs6TgvkQAIJOkERLLLOMgiZ4Fpa9S6clQ4LDwb5JmWwlPAxbdss4WRHN5kB9jJCQnHA4W6SAs6RO1EMPgIMRHgeK9X1OLgWSElmGLll7LUKKpnmce5NGGmftHGjseEq1hjDhD5Okp40RE9bSCI2wdC+cENBvq8O2f45x8wnhZ0JGx5hwZ8cnk+pt8RfORNb1sWhIzGMSr2lfzlL+2Rv2w/C0/IfBPqIP2PrA5lqAStxkvalfrImuZOTF/xfnkFlnd6Sl/kSDhxJIgRZZEzmdyyyySyA+yQ+EoenNsLRnhPCuTM+ORwINmsS9xtrx6SZbHFI4yzhyoiIYfAQYh4QWWd+L66Rjm+Il/JpDL4PWSbLPB5JD57gJ9PBq1SwhcDxHge2A+wLS2DgbzQSbfZUvN1vhLev8AHJ8zwB7hWQSNkIMnhWXz9ZSE6eNNEEsJThVij5jbG2Z95nxCPXwk/R6kHtD+x7Hq+sl687fEMvpuRd2Vyx7O2W3+R4Z5hsOHYLIABBZZz34H4QLLLLODBBM9yFg9oe4T8vYwxGrRJz3bsEp4XuWWRC+2LiyyTZvbnc7lFpvVN+31D3HM5nS1ERDKUu4MRBHWb5vq+V8xH8ksJj1PDYFmDYfZYr3rY7ZCyDeRZ5Qe+Ow78i0MOF9TTfYBs2I+iOBPCePhngHMks5++GRZZAJzIILEGy+X3lLPkWpt9cJ4YZDlsXVD/BhfaSJYPZyPhS/whX0SY9Gvuy6iD9CP6C9vJI6u1e502Zr6zWNW23x3+J4e7G3CYg4IHzL4epvZIOMiFOALPB51azIO5MzLLJ3Ci5Ib6lja2GGyFhMpZS4G8NZnAs5ljY7EEJmARwBZEws5llllkcDDDwhiLwwMeGSR9X1w9v4t4stvMXhdr9kzpEp6OAEHWdUGSsRxxj9b1/bSJPEYTXYnYAOK7CQi20dOPjPTmWWcPSTmWeR31wLV1IjYFpMz4hEBIEkwQMEN/Lf2EqXvNgfkB+Th8IH8OF+i+ky/dL0B29u/PcndrRmt9ZDfqf8A3Pctvhv8s8MhRzKE5EfkcIf4cBg4r2s5nciYnwRE9TCZZJ7smFGEMD2yi0Qv2DBpB2eGRhCy9z3x9wQWpGKGCw5nMjmeGdOHCOCLYYlLk4YYbet8t9t9R9EQ+ayy28BM4ahpp4yEkyyPtgQh7b14SLefLfliN8S+Gwe/EWIjfAwaIgsHBd4IKs2o3X3wLJTxn7wiOMRFZT44STyDpBJMfWThGWz3LGJlkAQET3tbFK/LYaRyAkAPRD/C0+4oL636JJ9JFe/ny9tuSrVbU1wz/hlS3h4M2bfLf4ZZZZwNlv8Awl/yR+TZ89kDIHzIJ+QJnMjhyPNh4MdfPOZzPLKTF+EhFH87bxbmoeZzILezGIP4b4bDb47G7EShhtthhh6YwwxHT6b0UfSfo4c2222W2XwVgYL402F8miy3oPcIZKvryqTG0RjYQ4WyIwlftmf9In7MuARNWALehM9rYp7Q4xBLPDPuTmRBbwHZFkWpITGyzpF+WQTM9WDL4Twt+mMttb3YsPErEIC/ID8hd+WevI2X60t3tJ7VG/4lSn1Wz9sfTwnl/CW2228bbb3bbbbfDLLO5BZCWBei/wAd/hsG5H+wfyC+EL8hsggWIWws5kRENvgMQbbbbbfHbebzbbNvy+pzgk2BfHJiEnIMY8Bnx6Weed/fDO/IeEREREMp8h6I58X2hvlbDbDzbbbfEAf39terCcX3NQLYZVgsvcbwaIOWHpEYF8hAtj3tmxNy1C47TqJEL8s/yHejhbZctj3fq+O+A+AdBis2ZBw7CSZ8CIih6st+cfwmy1DXpRQcA0GQn+X58hiLzYFlnL6YczPc/g37Eoe214b6W5XG2222zwtvg+OcDxyzh+Db+yF+XwCP8IP+QWd+oWWHQ6PvDYqz8lWpEG2G22VvnvG29bZeHk/ZmWVssOGMTft+8MeCz+DLLPPeDzI4REcI4RKU+Chtttl6ls29S2LbeN/gwX3C95QK42phZtuP8j8BDfko+xvb2MC0gwMObdmP1lnXNgnmsU9RxTWbaFreybWSq+GbZks8WXm37BwIAvZsD3BZNlqPMdyBh7ne8kQyFme72GSeC2disIxCRuvqyCxQ57bPiT2cPr5fjkvst+vH/qxtmbu1b3e77nwO6tvHrJlnM8SL1zR9QuT8ogg80mgjpCmA3r4IcgyObbbEJvN6y+L0j0T4zKW2e5M+A2Z6s444dyzueL3eD3ZZw4RwiIYZclwITbZer7b9viI7sW2y283j0DNsZ6xaV2X4X1JffL5sD8kf5atlchHWSXxmV22Yxdn1F+2zfUs8lTEEc+A+pTB4lhLvGY6HjtpiZZZxj7ez5JlnCZ7SIATqzfZsiyKE7e6EZayKGAZT+yX7JEpmv9Up+z/6tcZJ4K2923m8ILULeGZ3LmANmcJTZJ5HCEYKELO5ZZHQUM4cDb9mwscSzwQZmcJO8FiA29Z8dl6EzPGZZY6tvEiIpE+vo5zOQ6f3PEFnDpwhhlyUoYeN9cXqGHy3wbYm8lzIK27WwnqTWRjLWEh9r8U/st/VvpepM22ffQWxyOiIUSXMl597jpPGadfDIPDVlDWyyySzZL19ROBKfC0tENkxbWb+on6THD1a/sofZWWnjhs92L3eb44woXEEEsEgE7Go9oSN/kcHhNhZAtt/JP5yyi3++gwtbKSn2CNRzzZssgsssgiZyyWWvck8Uy3uEljGWKNsvgy9WDYMO2Z4WebM+ZY5E7nnncs8MsgzpwOZ0jhDDLgoYbZZe+L1ERZ/BshtgP2/wsSGe362c0JltLMDIfERF+z94Xwh9ZhM3uznuzwXmcWTeZBEcyZYDFssssk4yWxLe5seFnDHJi5zMWW0tnize778PXcbTaiZgHA2BssbVpiC3MtRRQf86Kj6Lb+Q/wDIZ+cYGB/Cf85f8kiFkvBxNPwswiCyyzmcHDOZwhb5TJxeM222y8Z2+vDbZnm8MuFo2yzHgej+WRAWWcyDndrgmiyyzmWWQRHDhHC2IiGIYZcFDbLfVspcHiFnjvuPa95em3t64axibXMttnpEkS+76IrbJ4Z3ZjE/JZeJBwmR4aYwZ0ZknqzmcbbwHSFDgZ9gs1MT64Vt8NsfEVt98ALNhN7gYS/9x8bj0j/UYYRgFiCws5hY/wAg6x7lkfTDHwLL1rBHhnBM8xxYS14c3mSSdZ5tvGJX2CT1e/BJi9b0yzGOpZf4kWdyCCyIfwWLGuZPdnTuxFnDwIbYYgw+AZCLfXHwKNttvD+Jzcibb3bZfLYWEhxf1kYfUvItvceLKvhsRMP2Pv1JMCI1YQhxjqX/AJWm5IeG2wy23pbbkeOMQNtxc2em4g4X+R/4g/SB/l/+IhS5BxllnMs8A8DgRPVeqws98DqkEEFnjngIJZb08mfBmebbCLS22Zgskk4O8N6Zn+Bw8CCCCIQhMssg4fSYx/8AMxnrwyI4eWwxw4JQ8B8DhlKLeDDbx7//2Q==','2003-06-11','truongx62001@gmail.com','Nguyen Van Da','Female',_binary '','123123','0123132123',5),(7,NULL,NULL,NULL,'truongndhe150878@fpt.edu.vn','abc',NULL,_binary '','123123','0123123132',3);
/*!40000 ALTER TABLE `users` ENABLE KEYS */;
UNLOCK TABLES;

--
-- Table structure for table `working_schedules`
--

DROP TABLE IF EXISTS `working_schedules`;
/*!40101 SET @saved_cs_client     = @@character_set_client */;
/*!50503 SET character_set_client = utf8mb4 */;
CREATE TABLE `working_schedules` (
  `schedule_id` int NOT NULL AUTO_INCREMENT,
  `date_working` date DEFAULT NULL,
  `is_working` bit(1) DEFAULT NULL,
  `last_updated_time` datetime(6) DEFAULT NULL,
  `employee_id` int DEFAULT NULL,
  `room_id` int NOT NULL,
  `shift_id` int DEFAULT NULL,
  PRIMARY KEY (`schedule_id`),
  KEY `FK7g5nxotdwlgkd8iog4ivq5s72` (`employee_id`),
  KEY `FKgxf5nu7cet6gr3jt1yraefu3h` (`room_id`),
  KEY `FKdc5kb6tvpq28gqn763pmi3qmy` (`shift_id`),
  CONSTRAINT `FK7g5nxotdwlgkd8iog4ivq5s72` FOREIGN KEY (`employee_id`) REFERENCES `users` (`user_id`),
  CONSTRAINT `FKdc5kb6tvpq28gqn763pmi3qmy` FOREIGN KEY (`shift_id`) REFERENCES `shifts` (`shift_id`),
  CONSTRAINT `FKgxf5nu7cet6gr3jt1yraefu3h` FOREIGN KEY (`room_id`) REFERENCES `rooms` (`room_id`)
) ENGINE=InnoDB AUTO_INCREMENT=9 DEFAULT CHARSET=utf8mb4 COLLATE=utf8mb4_0900_ai_ci;
/*!40101 SET character_set_client = @saved_cs_client */;

--
-- Dumping data for table `working_schedules`
--

LOCK TABLES `working_schedules` WRITE;
/*!40000 ALTER TABLE `working_schedules` DISABLE KEYS */;
INSERT INTO `working_schedules` VALUES (1,'2025-06-12',_binary '','2025-06-12 00:00:00.000000',3,1,1),(2,'2025-06-12',_binary '','2025-06-12 10:47:07.507000',5,2,2),(3,'2025-06-12',_binary '','2025-06-12 10:48:39.550000',3,3,1),(4,'2025-06-13',_binary '','2025-06-13 07:47:38.203000',3,1,1),(5,'2025-06-13',_binary '','2025-06-13 07:47:41.304000',3,2,2),(6,'2025-06-28',_binary '','2025-06-28 09:41:02.484000',3,2,1),(7,'2025-06-28',_binary '','2025-06-28 09:41:07.898000',3,2,2),(8,'2025-06-28',_binary '','2025-06-28 09:41:11.994000',3,2,3);
/*!40000 ALTER TABLE `working_schedules` ENABLE KEYS */;
UNLOCK TABLES;
/*!40103 SET TIME_ZONE=@OLD_TIME_ZONE */;

/*!40101 SET SQL_MODE=@OLD_SQL_MODE */;
/*!40014 SET FOREIGN_KEY_CHECKS=@OLD_FOREIGN_KEY_CHECKS */;
/*!40014 SET UNIQUE_CHECKS=@OLD_UNIQUE_CHECKS */;
/*!40101 SET CHARACTER_SET_CLIENT=@OLD_CHARACTER_SET_CLIENT */;
/*!40101 SET CHARACTER_SET_RESULTS=@OLD_CHARACTER_SET_RESULTS */;
/*!40101 SET COLLATION_CONNECTION=@OLD_COLLATION_CONNECTION */;
/*!40111 SET SQL_NOTES=@OLD_SQL_NOTES */;

-- Dump completed on 2025-06-29 18:15:44
